驰野择川,感觉有点高开低走，女主人设后边有点崩
亲爱的莘御,唉其实要求真不高，节奏快好嗑cp加上剧集短基本就让人眼前一亮，可惜这么多国产剧咋不懂呢
排骨烧土豆,……现在解说都流行看个开头就开始自由发挥了吗？解说解说，都不了解怎么叫解说，不如标题改成《套路解说之传闻中的陈芊芊》
beckyyuchen,我實在是不好意思在這裡講這種話題，但我真的忍不住阿[喜极而泣]彈幕上好多人說“從生物學角度上來說決定生男還是生女的是男人”這句話真的不對阿，實際上男女都是有影響的，男性的Y染色體確實可以決定性別，但女性的體質也是Y染色體生存率的影響之一（酸鹼度之類的），所以其實生男還是生女，是看男性**（大家應該是可以理解的吧）的活性，和女性的體質。
呆迪在这儿呢,现在的电视剧是越来越讨好女性了，男女平等有望
胡思思AA,你跟他讲设定有问题，他跟你说不要带脑子，行我听你的，那我只想看甜剧，不喜欢看那些乱七八糟的剧情，又开始说你不能无脑看剧[doge]反正捧就对了
涟漪凤凰,"看这个剧就不要带脑子,带脑子看剧的是人才"
A同學,总之我觉得挺好看的
superdiu,有种太子妃升职记的感觉……
爱唱歌的易知寒,这个沙雕甜剧感觉后期要可能拉垮 现在剧情逐渐堵心
言和呵,金莲，该喝药了[热词系列_危]
唐禧玖,哈哈哈哈哈哈哈哈哈哈哈哈哈哈哈哈哈哈哈哈哈哈哈哈哈哈哈哈哈哈哈哈哈哈哈哈哈哈哈哈哈哈哈哈哈哈哈哈哈哈白芨和梓锐笑死我真的
星不耀,前面6集不错
贾修臣,编剧的bug成了剧情，那么这就是一个没有bug的电视剧。什么鬼神逻辑
陌上桑籽,"我看很多吐槽说这剧新颖反套路好看啥的……然后我去看了文字版的[捂脸]可能我期待太大了吧。
是古言很小众吗？？？这种设定我感觉我还见过挺多的，或许放成剧或许是有给人耳目一新的感觉？抛开题材设定，从目前我看到的文字版来说，女主性格额……就是古早言情风，并且一些剧情还有一些不太符合逻辑的地方[捂脸]个人想法，并且后面更新的一部分我是跳着看的，不够全面吧，希望后续剧情能真香吧。[捂脸][捂脸]目前我是有点失望的"
山井银泽,真就爆肝？
奈良梅子,你懂个屁，这是女尊，男的就该……
柯兰九箫,国产只适合活在解说里[笑]
大尼l哩,从片片几万粉丝关注到现在都两百万粉了[哦呼]
灵耀小狐,守宫砂的确不应该点，应该日抛爱妃，向武则天一样，不是想睡谁睡谁？点守宫砂简直封建残余
驰野择川,感觉有点高开低走，女主人设后边有点崩
亲爱的莘御,唉其实要求真不高，节奏快好嗑cp加上剧集短基本就让人眼前一亮，可惜这么多国产剧咋不懂呢
排骨烧土豆,……现在解说都流行看个开头就开始自由发挥了吗？解说解说，都不了解怎么叫解说，不如标题改成《套路解说之传闻中的陈芊芊》
beckyyuchen,我實在是不好意思在這裡講這種話題，但我真的忍不住阿[喜极而泣]彈幕上好多人說“從生物學角度上來說決定生男還是生女的是男人”這句話真的不對阿，實際上男女都是有影響的，男性的Y染色體確實可以決定性別，但女性的體質也是Y染色體生存率的影響之一（酸鹼度之類的），所以其實生男還是生女，是看男性**（大家應該是可以理解的吧）的活性，和女性的體質。
呆迪在这儿呢,现在的电视剧是越来越讨好女性了，男女平等有望
胡思思AA,你跟他讲设定有问题，他跟你说不要带脑子，行我听你的，那我只想看甜剧，不喜欢看那些乱七八糟的剧情，又开始说你不能无脑看剧[doge]反正捧就对了
涟漪凤凰,"看这个剧就不要带脑子,带脑子看剧的是人才"
A同學,总之我觉得挺好看的
superdiu,有种太子妃升职记的感觉……
爱唱歌的易知寒,这个沙雕甜剧感觉后期要可能拉垮 现在剧情逐渐堵心
言和呵,金莲，该喝药了[热词系列_危]
唐禧玖,哈哈哈哈哈哈哈哈哈哈哈哈哈哈哈哈哈哈哈哈哈哈哈哈哈哈哈哈哈哈哈哈哈哈哈哈哈哈哈哈哈哈哈哈哈哈哈哈哈哈白芨和梓锐笑死我真的
星不耀,前面6集不错
贾修臣,编剧的bug成了剧情，那么这就是一个没有bug的电视剧。什么鬼神逻辑
陌上桑籽,"我看很多吐槽说这剧新颖反套路好看啥的……然后我去看了文字版的[捂脸]可能我期待太大了吧。
是古言很小众吗？？？这种设定我感觉我还见过挺多的，或许放成剧或许是有给人耳目一新的感觉？抛开题材设定，从目前我看到的文字版来说，女主性格额……就是古早言情风，并且一些剧情还有一些不太符合逻辑的地方[捂脸]个人想法，并且后面更新的一部分我是跳着看的，不够全面吧，希望后续剧情能真香吧。[捂脸][捂脸]目前我是有点失望的"
山井银泽,真就爆肝？
奈良梅子,你懂个屁，这是女尊，男的就该……
柯兰九箫,国产只适合活在解说里[笑]
大尼l哩,从片片几万粉丝关注到现在都两百万粉了[哦呼]
灵耀小狐,守宫砂的确不应该点，应该日抛爱妃，向武则天一样，不是想睡谁睡谁？点守宫砂简直封建残余
DAWNHH8264,我怎么感觉片片都没怎么看这剧，是洗了别的营销号的稿截了片段就做出来了这期视频呢
多年后你还是你吗,沙雕剧吧，剧情不能认真，认真就看不下去了，也就图一乐
硬核傻dio,完了完了pxj又双叒叕来了
我只是过路额,按这个发展我跟你讲最后一集肯定是女主梦醒了，然后又遇到男主了（一集没看过盲猜[doge]）
书包贵某人,求片片解说游戏王 次元之暗面
啾咪敦敦,真的超级好看，又甜又搞笑
珍的呢,缺点是挺多的，但你说的很多都是错的啊，好歹快进看一下剧再做视频
晚是一道霞,这真是我b站看到的up主做的陈芊芊解说里，最水的一个了[怪我咯]
咕呐啊,这个让我想起很久之前在有妖气看的一部漫画，也是分男尊和女尊两个城，女主在现实是个被排挤的人，男主是个俘虏，被穿越过去的女主用手机买下来。忘了什么名字，不过主旋律沉重很多。
陌上桑籽,我想知道原小说[doge]
花翎古典,片片都说了自己没看全随便说说，还有一些人揪着不放。我反正不喜欢女主也不知道为什么，只要是她拍的剧我一个都看不下去，反正看粉丝各种尬吹她，get不到他们说的点，就更不喜欢了。我觉得有人要来喷我了
机智的欢团,你看的好像跟我看的不太一样?感觉有些地方在瞎解说呀
bili_42780764394,这剧认真你就输了……就是你最后一句话，是一个未谈过恋爱的母胎solo女编剧写的……这让我感觉这其实是对其他无脑恋爱的反讽……
霸总开超跑,虽然但是，你们看到热搜就说是买的这不也已经跟微博那帮人一样了吗
伸颈侧目微笑默叹,清一色的薄纱让我感受到了剧组的贫穷，个人感觉最好看的就是结婚那套白色嫁衣了
伸颈侧目微笑默叹,我前期还嗑女主和二姐的百合cp[doge]
立风成雨,我是个不怎么追剧的人，上一部看完的剧是《庆余年》，这部小甜剧真的很不错，虽然也有点缺点，但整体上蛮不错的。适合下饭。
魈影无痕,男主后期武力值爆涨是因为吃了龙骨[呲牙]
来份馒头吗,"弹幕吵主要是up吐槽缺点稍微有点偏，其实本身就是无脑剧这一点就已经很缺点了，但up吐槽的一些略微错误情节容易带歪观众。
总而言之这剧优点是，笑点新颖丰富且不尬，人设新鲜（男主为主），反讽，制作精良。
缺点固然也很明显，男卑背景并没有立足的特别完美（世界观存在瑕疵），个别翻转剧情戏略尬，故事换汤不换药有套路，内在逻辑和人设不经推敲，恋爱偶像剧。
但说归说，一个剧的定位就摆在那里，作为一个沙雕喜剧做到这个份上已经很不错了，不然也掀不起风浪，这部沙雕向的笑点比其他同类型剧都要有意思一些是不可否认的，这也是作为这种类型的剧的成功，但它的价值也止步于大家的一笑了之。
补剧关键词推荐：恶狼变奶狗，沙雕女尊（其实是男女平等），欢乐下饭

（以上全部针对影视剧，不要拿小说说事噢）"
kxy1695,剧情和台词还挺有意思的，就是女主演技和台词很一般，很多地方台词吞吞吐吐听不清楚说的啥，大家对这种沙雕网剧演员的宽容度蛮高的
刘油锅,大家可以去看看，《女帝的后宫》那部漫画！！！清节大多一样！！而且里面是男的点守宫砂！！！！逻辑比着这电视剧精密！！！！这个电视剧纯属抄袭！！！除了人物名字！！！！！！
良心律师斯内克,如果这剧反过来 怕不是女权婊就炸了[哦呼][哦呼]
饲养天真犬的正确姿势,本质还是傻白甜，优秀的女二却黑化变成反派
小蜘蛛MY斯达克耶森森,我看这部剧要笑死了，剧情质量啥的没关注，光顾着乐了哈哈哈哈哈哈
meowinsomnus,偏偏此次太仓促了[无语]
Rayment,后面的缺点明显是片片没看仔细了，男二的母亲有功绩加上男二的才学，所以才破格当上司学；男子也有点守宫砂，男主大婚当晚就有人来跟他讲了花垣城的规矩就是跟玄虎城反着来的；女主多次为了男主置自己的性命于险地，男主是在杀与不杀反复横跳了很久才最后爱上女主的，变成恋爱脑我觉得没毛病，怎么就说突然呢。
黑夜摄手,唉，大up主就是可悲，说错一句话就要被千人唾骂，万人唾弃，一整个评论区看下来，一些指出错误让片片改的，挺正常的我觉得，但是一堆直接攻击的我是真的没想到，不过是一个欢乐沙雕剧而已，都能整出那么多信仰，我算是佛了
小恩睡着了,我个人觉得有点烂 台词跟念白水一样 就女主演技还可以
边跑边笑嗷嗷嗷的爹爹,封面歧视男性？？
铅笔Juniper,UP说的bug我在豆瓣上都看到有人喷过，但是所有这些剧里面都有解释，如果你要说剧的bug，也得说到点子上啊_(:з」∠)_如果要分析一部剧，即使倍速也要看仔细才能分析出个所以然，逻辑不清是忌讳的
挚爱园子,这个女主演过的电视剧我居然看过    电视剧叫啥我忘了    以前跟双世宠妃和萌妻食神一个时间的电视剧      （别问我为啥看过的不记得，只记得没看过的，我也不知道）[喜极而泣]
bili_19519622158,从生物学的角度来说，男性最底层。几乎是不可能的，因为男性承担了面对未知的好奇与风险，女性承担了生育的责任如果一个女性既拥有生育的责任，也拥有保护其他人的责任，那么这个女人是不是太惨了？
桃喰Official,女尊和穿越女配的文在jj起码是10年历史了，求你们不要无知到看个番就刷好吧，生怕哪天出了个琼瑶番你们还要刷琼瑶阿姨抄袭
剑锋刃天下行,转生恶役流......已经玩烂了
再也不当谁的粉丝,后半段。。。。up说的啥玩意啊。。。。
BestJane丶,其实好多集都是全程地铁老人手机看的，但是确实挺甜，男主帅，演技也行，顺便搜了下男主现代剧确实还是古装好看。女主台词烫嘴演技一般。靠着快进大法看的还挺香。
感人凉凉,我头快笑掉了，强烈安利！
独孤娜儿,有意思 哈哈哈哈
琳酱吃很多,想看蔷花红莲解说
_言小乔_,既然是嫂子也在看，你出视频前不会让嫂子看看嘛，你就说解说成这样嫂子气不气[疑惑][疑惑]，太不负责任了吧，道歉也模棱两可的没态度。
草食动物,确实很上头，我不看剧，那天被基友安利都一晚上连看八集……第二天顶着黑眼圈上班hhhh
jessica郑秀妍郑秀晶,后期很虐是什么意思？
许之守望,哈哈
甜橘朗姆,沙雕甜宠网剧还要什么高要求啊，看着开心不就好了，也没什么水不水的身边不少人都在看[呲牙]另外up确实没认真看，说的这些bug剧中都有解释
我的生活态度,这部剧确实很多槽点，但是这期解说该吐槽的槽点一个都没吐对，但是吐槽的地方人家剧里都给了解释，做解说我觉得起码的专业和敬业得有吧，到现在为止我看到up主不下三部剧的解说剧情不对了，对得起观众对得起粉丝吗？确实不是每部剧每个up主都看得下去，你看不下去就不要做解说啊，为了蹭热度跳着看跳着解跳着吐，连起码的尊重都没有吗？麻烦保持对行业的热爱和尊敬，蹭热度也蹭的专业点，谢谢。
大小概,这期讲得真的差，没好好看剧就解说可是对观众的不负责哦
雨如闻,这和那动漫剧情有点一样
猪可乐可可乐乐,想起了乙女flag
酸奶只要大红枣,追到最新一集了，偏偏说的没错，好看是好看，后期的确老套路了
我和我的玻璃心i,安利成功[喜欢]
夜雨声烦烦烦烦i,这期讲的略敷衍啊[喜极而泣]
豁牙兔啃排骨,感觉up真的没好好看，下次注意吧!真的讲错了好多!
萧锦prprpr,看到第十一集终于忍不了弃剧了。y1s1只找糖吃真的很沙雕很快乐挺喜欢的。但带脑子看我可能会被女主和婴硬气死
开坦克的小黑,挺沙雕的，下饭神剧
熙熙台上,好看，强推，又甜又宠还沙雕[呲牙]
bili_511677246,南拳什么时候崛起
颜见深,小说这种套路都已经看烂了[笑哭]，影视化倒是少见，可也没啥新意
不当tg张不鸽,这个剧只要看过5集的人就明白实际上宣扬男女平等的，没看就喷的人急了的样子好搞笑[OK]怎么着戳你痛处了呗
打人的三文鱼,啊啊啊 老喜欢女攻类的文！[喜欢]最好是男生子才最棒[喜欢][喜欢]
麻溜上楼汤,这部剧特别好看
领结婚证又不要钱,其实看片头大姐和苏沐会是cp，二姐和裴司学会是cp，我觉得后期发展不会是三个男的全喜欢芊芊的，太俗[偷笑]
换下看,首页来的？？？这太多地方都说错了吧？是，你说你没仔细看，但是你作为一个up主发视频表达自己的观点看法，还这么多播放量难道不应该对自己的视频负责吗？你对你自己的视频都是这么不糊弄的吗？不看剧只靠自己的幻想理解？
静候Evangelina,只能说晋江领先行业十年，各位想体会同类型文请去晋江看早期的女尊文
进击的itachi,不适合带脑子看的剧，仔细一想就会发现有很多不合理的地方，而且我觉得女主主角光环照耀做事完全不考虑后果，大女主剧，而且是女主不用脑子就一路开挂的大女主剧，但甜还是甜的，沙雕也是够沙雕的，赵露思确实挺可爱的，丁禹兮演的也挺生动的，但感觉这剧人均台词功底不太好，有待进步吧
ono伊,我赌五毛钱，片片只看了预告。（我刚刚看了，不一样呀[tv_坏笑]）
降头海绵宝宝,是这剧不搞笑还是这剧反人类？傻屌剧里面找硬核  脑子有问题吧   当不起热搜？喜剧程度快比得上爱情公寓了
麦聚英,这主要是吸引女生看吧，这女强男弱的设定狠抓女粉吧
羁绪鳏鳏夜景侵,女权一直要求的是平权，不是大于男权。但是在这个世界我觉得除了大自然能做出绝对公平，人类社会根本就不会有公平性可言。就像乌托邦美好的社会永远不会存在
防御恋空,emmmm，裴恒好像是因为他母亲原本是镇国将军来着，所以他是唯一特殊的那一个，在女主和男主举行婚礼时，裴恒还在女主取消祭祀那生气，感觉本来就喜欢原身只不过因为原身不学无术，心有不甘而已，女主穿越过来后变好了，裴恒就心安理得的喜欢了，（仅代表个人看法）
不是别人是你爷爷,啧，这热搜要是挂的男权宫斗剧，一群傻逼女的为了个男人斗得要死要活，保证没人不满🤗因为在人们潜意识里，就该是这样的
夜信______,女拳警察都是复读机吗？这还能反向打男拳我也是没想到，建议去微博和女拳共欢
罗云社法学日常,这位传说中的神仙的编剧是谁啊？这么喜欢把我一封为珊，你很得意啊！(￣▽￣)
罗云社法学日常,陈青青分明是做了个梦，黄连一次好意思说是穿越限行，穿越量子力学与称不守恒的表示羞愧极了
_神様_,本来就是架空的，当个沙雕看挺好的就图一乐，当真干什么，要当真的话哪还来的女性打仗啊，咋地约法三章每个月空一周出来大家和平发展不打架？又不是没有过女权社会，稍微翻翻书你都知道男权女权这东西本来就是看谁掌握了生存资源，男女平等是我们思想上的前进但麻烦那些田园女拳能不能别忘了，是男权给了女性追求女权的权力，每一种革命都注定是前人流血给后人铺路但我在国内，或者说，在微博这些地方，我完全看不到这种意识到存在体，说到底，有很多所谓的女权，想要的只是权力，如果有机会让她一个人得利，她会毫不犹豫卖掉其他所有的女性，而这种人，光是这个视频的评论区你都见到一堆，只不过她自己不敢承认。
罗云社法学日常,蒲云莲表示骂骂咧咧，退出直播间
熙纸包饭_,太好看了！我要向大家安利！！一天刷完14集！！！
罗云社法学日常,还是赵露思演的戏有意思
度坻,好家伙咋还在热搜[热词系列_知识增加]
丶冫氵焱,烂片，这片有什么值得推荐的！两集都没看完就看不下去了！
有1吗呜呜呜,u1s1赵露丝红衣造型把老娘美哭了
灬天马灬,就是这沙雕剧女主台词12345对口型[吃瓜]
小九儿qQAQ,就这烂女权剧能上热搜？一帮女婊帮上热搜？不会吧？
龙龙的二花,这部剧的编剧真的很好，陈芊芊的人设也没崩过，就是让你很堵，优柔寡断，得了便宜卖乖。这部剧非常高明的地方就是bug都是七流编剧陈小芊的剧本。如果说陈小芊的初心是裴恒，那么南镇的初心就是韩烁。这个男主角的人设包含了许多晋江萌点，符合了当代女孩子对于男朋友的一切幻想。而且当陈小芊穿书之后，这里面的剧情逻辑只剩下一些小bug，逻辑大问题上却反而能自恰了。所以说，6.1儿童节什么时候来！[OK]
小祺的掌上明猪,b站有望成为下一个微博，b站热搜应该比微博的便宜
雪碧更好喝一点,"只要我们点燃狼烟，挥师南下。
别说一个三公主了
连裴恒都是你的[tv_doge]"
耽美情报局,up你这有点蹭热度了，这部剧没有大家想的那么激进，他只是个无脑恋爱剧而已，被你这标题说的好像田园女权一样，恶意引战哦
秋裤子子,还有喷女权的，无语了，从头到尾没几个说什么崛起女权的，某些nt还自己提出来还刷好几遍，而且你自己不就是真正的在歧视吗？只可以拍男尊女卑的古装就不可以拍架空的女尊了？一拍就女权？我看你才是男👊吧
秋裤子子,上个热搜也用不着黑吧，又没有逼你点进来，恶意这么大干嘛，正常不想看的人连点都不会点进来吧……[囧]
柒月Qiue,烂就烂，但这和女权有啥关系？如果这算女权那之前的剧是不是都算男权？
鹿小彘,就这烂女权剧能上热搜？一帮女婊帮上热搜？不会吧？
蓝深灯,还是表达一下我的观点，这剧要是女权，那我们过去的历史剧都能算男权了。估计编剧也没想过这种把过去男尊女卑性转一下的剧情能引发争吵。可能他们只是想讽刺一些社会现象？在沙雕剧这里讲女权，还是男女主一个男尊女卑，一个女尊男卑，剧情全是谈恋爱，跟背景几乎不沾边的那种，有点无聊
不点赞把你给抬喽,就这烂女权剧能上热搜？一帮女婊帮上热搜？不会吧？
楚凝同学,哈哈哈这种剧本看着当个调剂挺好的，认真就只能躺平了，这个世界根本不可能有躺赢这回事
姬十三与梅花七,作为傻屌剧看还行 但是这剧也就那样 烂的不行
姬十三与梅花七,好看是好看 但是一直挂热搜 没双亲了？
瑞雪vam,确实说得好，我看的时候虽然挺欢乐但总感觉哪里不对，确实这个设定有点问题
人格优秀,看到弹幕有人撕乙女flag的，这没必要，而且滚动那个黄字有点太激动了，因为我看弹幕的时候只有说既视感的弹幕，也没说抄袭啥的，这样咬有点夸张，同一设定有些既视感真的挺正常的，而且弹幕也有人说了是12年用烂的设定
_-_-_-_-_-1,抖M狂喜
某艺电公司,硬是要挂热搜挂出来热度
黄吊金,男权警告
一如清霜,本来也没看剧的，偶然看到那个绿茶的片段，就开始了追剧之旅，接着就停不下来了哈哈哈哈
御坂12252号,这个不行啊，隔壁吉吉国王都是男女通吃，这个剧女性还会恨女主[滑稽]
白胖小萝卜,有没有人跟我一样抱着好奇的心态点进了热搜第一
雅佳佳,不是我喷，是男儿真的长得。。略憨。。[热词系列_知识增加]
仓鼠火锅,感觉男主攻受一体[热词系列_妙啊][热词系列_妙啊][热词系列_妙啊][热词系列_妙啊][热词系列_妙啊]
阿土的杨树,这剧情....怎么跟破灭flag这么像???
阿拉丁神邓啊,赶作业出来的作品吗？错漏百出！
不予可以,反正喷就喷吧，如果有想看的并且想看轻松的剧可以去看看的，毕竟挺沙雕的嘛，也没有到那种垃圾nt 剧的程度，认真你就输了[喜极而泣]
有就沾点Official,有仙王的感觉了，硬是要挂热搜挂出来热度
不予可以,为啥这么多人喷这部剧啊，本身就是沙雕剧啊，你非讲究逻辑你就输了[喜极而泣]
咲找姐慕找妈,我现在只想说，心疼二郡主。
阿茹茹,最新的评论都好恶毒啊，哪个对家看不下去出手了呀
王明明的么么哒,这剧情。。。perfect half？
叶言紫,和转生乙女好像啊[捂脸]
微笑986,少君是什么称呼？是少城主夫君的意思么？
tony带师,什么垃圾剧，热搜挂几天
皙楌,"这里的台词都非常的妙啊！
[doge]"
木枯,还搁着热搜呢
给我高高地飞起来啊-,在热搜上多久了，看得都烦
红豆入骨相思知不知,这部剧虽然是甜宠喜剧，但其实很多情节都在讽刺[吃瓜]
B站经典三观正嗷,nt剧，占了多久的热搜第一了
穷纪二三,我想说其实不是女尊，从第一集开始编剧想表达的思想就是男女平等，很多人冲着女尊去看，发现不是想象中那样就开始黑。其实把同样的事情放到另一个性别上，就会发现多么不合理，这部剧很有讽刺意味，虽然不完美，但真的很值得一看。
bili_45190271402,人家那叫“心疾”，不叫“心脏病”虽然差不多吧，但概念上还是有点差距的
乐哈小橘子,你大概可能就看了一点吧
成为富婆的女人,Up解说一部剧或电影的时候还是自己去认真看一下吧，没必要照词念
姿兰容若,说得挺好的
可便宜复制,有棒子意淫内味儿了
黑云狂犬,[鸡腿]
教练我想学电焊,最新评论好恶毒啊[doge]
青蛙长老,我就叫裴恒
我再灯火阑珊处,我女朋友强烈推荐传闻中的陈芊芊，我之前看都不看就知道是烂片。一看果然唉😔愁，玩梗步入小说现在电视剧梗落后网文一两年。剧情不能深究，而且模板化太严重。演员总感觉出戏，功底太差。
二蛋不是坏蛋,烂片来的，有资本在故意推这部剧，豆瓣都在刷分，谁看谁眼瞎
しきんちゃん,那些建议仔细看的别了吧，bug更多，怎么可能没有bug，有解释的认为那不是bug的，说实话其实那因果联系也不是很细致，蛮直接片面的，细究不得的。
チアキかわいい,热搜[呲牙]
Miss糖火烧,居然知道橙光游戏[呲牙]
50707112831_bili,无聊
一顾孤舟,这剧真的有意思，有时候觉得挺讽刺，但是好搞笑
Joan佳,这和女帝的后宫好像啊[笑哭]
堇年呀あ,怎么这个热搜挂了好几天了
巴拉巴拉盍,有男同志在追这部剧吗[doge]
咿呀咿呀夏夏,我还是忘不了太子妃升职记
望山--,哈
羊村杨小白,大家都换口味了？
了了老铁锤,你没认真看！！！
惟有朝云能识我,up直接在弹幕里就被剧粉爆破了[吃瓜]
oneone泽揉,我要加入男女主摁头小队[妙啊]
星辰之涌,珍惜看，好几个解说的up稿件因为版权都下架了
と黑线仓鼠如是说,弹幕礼仪呢？？？
小歌迷-,还是要好好看剧吧，强行说缺点有点尴尬。很多都在剧情里说了，up以后文案还是要严谨一点
明户州,好烦啊，为什么这种俗不可耐的剧天天在热搜上待着，营销过度了吧。[奸笑]
戚城橙,我觉得，up这期做的敷衍了就是敷衍了，你要做一个解说类视频不应该好好看片再说吗？为什么置顶一个说没看太认真，反而一群人说喂狗粮？这的确是不对的啊！这片很多缺点，但是点说错了被指出错误这不是很正常吗
昂是我吖,真的被这部剧笑死，男主太乖了，哈哈哈哈，好苏！
张三是霸道总裁呀,穿进小说游戏是很老的套路了，真没必要刷转生，感觉怪怪的
郑子恒啊,为啥每次都会被这只狗头种草或者说是排雷，不想被狗头支配了，太难了[doge][doge][doge]
小狗熊软糖,新的几集我感觉怎么吸引不到我了哎
誓言逝,这个情节和世界观我好像在某个粉色app上看过啊
老骥伏枥随风直到夜郎西,不会吧不会吧还不会真的有人认为没人看逻辑一般的沙雕剧吧[doge][doge][doge][妙啊]
楚妃Angel,这个剧果然没让人失望，刚看完超前点播回来，回网盘再刷一遍[捂脸]
海信空调官方账号,"万水千山总是情，给个关注行不行
[撇嘴]"
食色666,女尊男卑这个设定就很吸引我啦，这样的设定在电视剧里不是很少见吗？
花潮玖,男主真的越看越帅，我就真香了哈哈哈哈哈
工作细胞突然诈尸14集,作为一个看书二十年的老书虫，这种套路中日韩的小说也很多，感觉都是套路到不行，偶尔来个新瓶装旧酒，腻了一段时间再看又觉得不错[热词系列_可以]
滕滕滕哦,"不带脑子，挺有意思。
带脑子看，发现一开始的定义就是噱头，巧合太多，逻辑不通[无语]。"
耽美情报局,up🆙你后面根本没认真看吧
人间一抹白啊,大家不至于啊，片片也全是间接推荐了。还有这就是个沙雕小甜剧啊，还得要多认真看啊。看看开心开心就够了  我觉得挺好哒
人间一抹白啊,神特么蝙蝠成精哈哈哈哈
本座桃子,女尊啊。。。很多网文都有这个套路，不过能拍成电视剧还是挺新鲜的[吃瓜]
无柳相赠别鬼谷,性别反转不是平权。这个剧好在不搞对立，故事符合人物形象和剧本设定，轻轻松松的氛围，拍一个完整的故事给大家看。
人间一抹白啊,讽刺可以的
__GrandeAmore,女主人设不行
bili_噤声,什么烂东西都能上热搜恶心
七亞7iya,但凡认真看都会发现很多地方逻辑不通，我觉得up说的一点都没错甚至有很多情节没吐槽到位，就这还有人说up硬黑？你们平时看烂剧看多了吗，稍微有部剧好一点就吹上天，硬要扯bug都有解释，那我倒是有多问题求你们这些只会跟风安利的带师解释。剧我还是会看的，头几集也确实好看，有亮点，值得肯定。[鸡腿]
寻觅作恶伙伴,这个剧bug没那么多，up提到的剧里有解释 ，不知道up是安利还是黑
单马尾的茶茶,好丑
狗哥头号fan丝,这剧叫什么啊
-松下折露葵,哈哈哈，我是没想到敢拍女尊系列的
Fau_,女尊就是一种背景设定啊，对应的就是古代男尊那种制度。我看过的女尊文绝对不下100本了，这两年好文越来越少了。女尊的代表作有狼大的《美男十二宫》《笑拥江山美男》《醉拥江山美男》还有《女尊之解战袍》…可多可多了。我最喜欢《酒色江湖》这个算是女尊一种。反正，狼大的书在我心中的女尊排行里无出其右。（不是很想科普，因为有很多看文的人才接受的设定，比方说男生子🙂，希望未来不会像耽美一样被人举报掉😐，但目前生态挺好的，还没有人注意过，也没听说有不喜欢的人非要举报。就是好作者越来越少，原来的不错，也是因为受众小，读者少啦）但希望大家能知道女尊就是一个和耽美类似的小众类型标签而已，不是弹幕里说的反讽啊啥的，就是个单纯的文章类型。
恰恰Arthur钧,昨天看另外一位up解说没看完，结果回去看的时候发现因版权被删了[笑哭]
Fau_,女尊是一种文章类型啊[大哭]就和耽美一样[大哭][大哭][大哭]好多好多好多好多年了，我十年前看就有很好的大大了[大哭][大哭][大哭][大哭]就是很小众而已。
贝子塔塔,最后那里不太同意啊，
御板10097,什么玩意都能上热搜。
fsks1944,就开头几集好看，后面啥玩意。
微笑986,少君？是什么称呼？少城主的夫君么？
特拉先生,第一集，现实里的男主就抨击过编剧的剧本表面上说的是女权实际上和当代男权没有区别[无语]我正在追，感觉女主入剧本就是为了能亲身感受男女权如何平等
tubudar,前面是好看的，但我昨天看了9，10集后，就有点想打女主了。楚楚那么好个女孩，就这么被搞黑化了。。我真的无语，女主换了原女主就一定要变坏吗？楚楚太可怜了。
淡淡忧伤丿淡淡愁,新物种:绿茶diao我是没想到的。。
三斤阿满,呜呜呜这部剧真的好看！！！！！！！！！
只在秋天爱上我,雅尔泰啊
我再熬夜我是猪头,up只看了片段吧，根本没看全部
悦心ming,后期男主人设不错[喜极而泣]
贝特特特,典型的穿越恶女配角，晋江常有的题材，反套路图个乐，不用戴高帽子也不必上纲上线。提乙女的显然是女频文知道得少，也不用骂他们，自己看自己的呗。
blooooow,好好看！！真的好看！！！
好可爱的小言泽,真的挺好看的
专业非酋三十年,标准异世界逆后宫凤傲天呗[无语]
灯火之港的威尔,这不就是晋江的恶毒女配人设类型吗？难怪眼熟
六梨道人,"就这就这就这？
这是b站？"
砚凉_,就是这样的。根本不用脑子，逻辑也不通，剧情。。没啥剧情，人物塑造的也不形象。但两个人很甜，男主更甜，挺上头的，还是推荐看。
Vactor91390,笑点挺足的嗯，就是时常感觉自己收到了降智打击[笑哭]
贝壳爱吃大番茄,反正我看了挺上头的
大骏马哥,不错，这部剧情确实挺有意思。晋江文学网纵横文学网都有这些套路。
豪北道,我喜欢那个弹幕，橙子保命成功，哈哈哈哈
自在如风的我呀,这部剧不尬吗？？
破咯破咯哒,[doge][doge]怎么感觉像在看转生成为了只有乙女游戏破灭Flag的邪恶大小姐（名字是真的长）
我有猫咪,这不就是和现在正火的动漫转生乙女差不多吗
沃夏缭,片片这期视频也有安利到我吧，看起来还是蛮沙雕蛮好笑的[OK]
请叫我乘一,最近四集bug太多，编剧人设崩了，剧本穿成了无脑玛丽苏。希望后面能够恢复前十集的水准啊。[大哭]
月洛布偶,有人有资源吗？[doge]
你们家gg东山再起呀,这不就是个甜宠沙雕网剧吗[微笑]非的跟正剧似的找bug么，可以但是没必要
孤儿怨,从不看国产剧的我 居然也一口气刷了11集 因为演员真的特别可爱 一点都不油腻不夸张 虽然剧情有很多漏洞 但沙雕剧嘛 开心就完了 最喜欢看男主吃瘪的样子 自我攻略真的超好玩hhhh
宫兮徒,哇up主讲的很好诶，后面说的也是言情常见问题了
口口贝夫见,老是不经意认成开封府端午
是喵酱大人呀,6/1超前点播直接看到大结局😏不用谢我
qian987887486,为什么没仔细看就来解说？
你磕的cp是真的,都说这剧可以不带脑子看，下饭剧，但是逻辑也都是符合的，还有人设根据后面发展转变也合情合理，原来一开始男主下毒扰乱那段也是有原因的[doge]
似水念冰,这种女频电视剧比较适合圈地自萌，毕竟是早就玩烂了的套路，跟男频龙傲天啥的区别还真不大。
DreamerDK,"这破剧演技台词和剧情都看的我贼尴尬😳
但是贼他妈好笑啊[喜极而泣]
编剧鬼才，沙雕剧情，浮夸演技，虎狼台词，都能良好结合在一块让人并无不适。"
龙的掌中萌虎,这怎么突然想到一部四月番啊[喜极而泣][喜极而泣]
ano_米娜兔と流星,这里都有男拳和女拳，怕了怕了
公子世无霜,up主到底有没有看剧？那些男的是男主做戏求城主送到三公主府上的，况且转头就把那些男的送到了二公主府上，还有一个给了男二。那个男二能教书是因为他母亲，虽然这剧有缺点，但不是你说的那些。
bili_16053871015,BGM也好听
我是那个靠近,怎么没有香蕉橙子跟苹果呀
炎羽轩轩,这不跟现在某番一样？转生那啥………
李珥Rainbow,刚刚不还上热搜了吗女主人设崩塌，就一普通网剧而已，为什么这么多过分解读的？阅读题写多了？捧得这么高最后还不是只能高开低走，无语。
略懂一些魔法,绝了 完全没仔细看过吧这是。虽然是无脑下饭喜剧但也好歹认真看完再来讲缺点啊
铭昨掌今收明,看的蛋疼，一直帮将来会杀自己了母亲跟全城的人。[捂脸]
cooljie716,12345
Sunday-小新,这剧让让我想起了韩剧，《偶然发现的一天》[doge]
夏小正非常正,陈沅沅（yuan）
腌笃鲜凤梨虾仁,我是觉得好看的，反正也不是拿它当推理番来看，评论区贷款高开低走的大哥大姐就不必了哈[呲牙]离大结局还有一半集数呢就搁这唱衰啊[哦呼]
sheree23,好看好看！
离离不知道,哈哈哈哈哈哈哈昨天看完视频今天补了剧情，真的非常下饭，不带脑子看还是非常快乐的……感谢安利[吃瓜]
糖言言,看完了感觉女二不是叶昭人设吧， 后期直接变成绿茶一边逼着女主把男主“还”给她，一边跟男主说喜欢他不想让他为难，男主又不是物品也不喜欢她怎么就还给她了
拜托去学习,我擦竟然有拍女尊剧，我是知道有这种文，但从来没想过会有人拍[喜极而泣]
bbounoun11,你币有了，吹爆这个剧，太爱了
guaihuamao之化猫,这部剧真的很上头[笑哭]
空瓶子123456,这部剧对女性的恶意很大，里面女配角都讨厌女主要害她，男主男配都爱女主。更无语还拿女尊，女权做营销，女权不是靠男人宠爱施舍得到的。
媛,真有点像新番，那个恶役大小姐转生那个
Gen-,什么样的nc编剧才能意淫出这种故事来
整活老川异闻录,在？B站什么时候引进啊！？我想就着弹幕看[保佑][滑稽]
Dr_蓝毒,"《理解》
《白笈》
[doge][doge][doge]"
港台sama,如果这部剧男女地位转换，那些微博的田园女权是不是又要重⭕️出击了？
白残sang,我感觉这部剧剧情挺尬的。。。。不是赵露思高考我都看不下去。。。。。。
苏家凉子,为啥能提到大小姐，这俩除了到了异世界求生有啥子丁点儿的地方一样吗[囧]
小小happy,我决定就等着你的解说，不看剧了[妙啊]
命里有白嫖贫民难反抗,还有个和这差不多的漫画叫本剑仙绝不吃软饭[doge][doge][doge]
茶十八茶,感觉女主真的光环好强大，女主妈作为一国之主，不想黎民百姓，就想传位给这个文涛武略啥都不行的女儿，二女儿干啥都不能得她正眼看，这个解释成母爱也就算了。但是男主爱她，说她单纯善良，也确实，但我觉得为什么每次都是别人给她善后呢。做什么事情都不用担负后果，反正她妈和她姐还有她老公会给她善后。。。。每次她一转眼就是嘻嘻哈哈在那傻乐。还特别喜欢想些馊主意坑队友，比如一开头设计男主通敌卖国，后面给女二落入陷阱，作为少城主了，还是没点自觉，在那瞎指挥。。。。
小小空空,这个up主感觉是蹭热度，实际根本没看剧吧
伊万不拆cp不舒服斯基,果然在b站一提女权就那个诶。说实话本人又蛆又拳但真的很不喜欢女权警告这个梗。
辰靓pipi,弹幕有毒吧 up提的那些缺点不是后来都解释了是剧里母胎单身的编剧对剧本的理解有误所以有些bug 还说up没仔细看剧？你前面说up就算了后面都解释了还说up乱说？
海明威的追随者,我喜欢那个娘娘的 眼睛好漂亮啊
坶姨,我喜欢原来的三公主，也是被开头名场面吸引去看的，后来虽然搞笑但是总觉得怪怪的……
超帅的划水大大,转生只有乙女游戏破灭flag[妙啊]一模一样
不是别人是你爷爷,有的人只要看剧就非要骂女主婊才爽是吧，是不是特能衬得自己清新脱俗一朵又白又纯的小莲花？非得女主对着男主跪舔才叫不恶心是吧？也是，像你这种丑 逼也就只有对着男人跪舔的命了，人家陈芊芊颜好钱多权势大，你给人提鞋都嫌你丑，没错，骂的就是楼下那个丑 逼
小-欢欢,等啥时候更新完了 就看 [妙啊]
从不损人,不得不说，这剧质量还是挺高的
WO是丿张小盒,这就是女尊嘛，真的看不出来。没看到女尊只看到男卑，如果编剧心中的女尊需要这样来承托的话，我觉得可能编剧内心依然还是女卑男尊。
有钱也不任性,求翻韩剧夫妻的世界！！！
看有个栗子,姐妹们还没有没有别的沙雕小甜剧，求推荐[鼓掌][鼓掌]
我想养豆豆,韩烁人设=李狗子，但由于掌握了技巧—“放最狠的话，脑补最甜的恋爱”，生生把事业脑变成了恋爱脑，在自作多情的路上一路狂奔啊，拉都拉不住
王日日每天都快乐,"“咱家的什么炸了？”
“咱家的矿怎么了？？”
“你再说一遍，咱家矿怎么了？？？”
“炸了炸了炸了！”
笑死了，官方鬼畜，值得一看！！！"
鲸落栖海,这部剧吹曝了，超级好看!!!赶紧去看啊，姐妹们!!!!!!!!!!!!!!!!!!!!!!
bili_99865509585,啊
bili_99865509585,恶不恶心？
bili_99865509585,自己和别的男人做暧昧举动，还让韩烁大度
bili_99865509585,既然决定要一路撮合二郡主和韩烁，又何必让韩烁爱上她，还说那些伤人的话
梦无界1198,图一乐
bili_99865509585,刚看完传说中的陈芊芊更新，陈芊芊太婊了
Aukra,好像转生恶役[doge]
人生のピーク,恐怖如斯
水羽南叶,看过这季的某新番，你就会觉得这部剧好看中还似曾相识[笑哭]。
平台一换舔狗过万,这局目测又是一个高开低走的剧，不适合带脑子看，当沙雕剧图个乐就行了，女主虽说是做的都是为了穿越回去，但是脑子真是有点瘫，别说上帝视角评价啥的，你自己写的书人物性格他们心理活动想啥的你大概都会有点数吧，结果人物关系都处理不好，自己做的没点度，处处留情两边都拎不清，最后说一句二姐是真的惨
深秋使者,让我想到了乙女游戏[奸笑][奸笑]
Mr--Qi,男女主的两个手下真的笑死我
平台一换舔狗过万,目测又是一个高开低走的剧
龙井新年,真的好看！！但是我家小阿烁被虐我真的看不下去
上杉绘梨衣的男朋友,害怕。。。
探索者TORCH大宇,这演得真尬
柴吃柴,这剧真的超级搞笑，虽然是老晋江剧情了，但是剧拍的这么好的，真是头一份
Lev利夫,白切黑什么意思？
贡汞貢拲,"这部剧建议只看前6集，6集之后，如果能抗毒就看吧，我已经被毒死了。这剧毒真不是一句沙雕剧可以解决的。
有个苏子婴还能接受，但女主玩绿茶一套真的容忍不了。"
伊吹v萃香,[微笑]我一个魔幻玄幻科幻历史网游竞技的直男读者，目前沉迷在恶毒女配的沙雕文中无法自拔，让我笑死在这些小说里吧！！！[大笑]
星柠poi,反正是不能带脑子看的搞笑剧，不然会看不下去的
夙玹,男主这个黑切白的人设很可以[OK][OK][OK][OK]
冥幽懿轩,(〜￣△￣)〜
孙瘦瘦_sc,为啥大蓝鹊被版权警告，这个没有呢？
掌中落花,我看了6集 还挺好看的 全程哈哈哈哈哈哈
上杉绘毛衣,男主像侯镇鹏哈哈哈
落幕又再上演,标题党[捂脸]
東方手作,鹅居然没来维权
华婴,确实是个伪女尊伪女权剧，别的不说，你们见过哪家的夫人天天对同事和军队发号施令的，还有裴恒，就算是他身份高是司军独子叭，你们换位想想哪个女性在男权社会里如鱼得水上位者全都让着她的？隔壁徽柔有这地位吗？我期待的反套路真姐妹情快因为抢男人破灭了，城主之位也快要送给志不在此的女主了，可取之处是剧情小甜饼真的很甜，女主男主真的真的很可爱，我快嗑昏了hhhhhh
超越函数-,怎么说呢，开头那个生孩子的还挺对的，毕竟生男生女还真是男性决定[doge]
官方说你就是NPC,很好看，好好笑
Jeunessexo,剧情确实有bug，你的解说bug也不少啊[嫌弃]
爱你的君不语,看看重新发吧
秘密将,每集都笑赵老师驰名逗剧
江屿兮,这个剧超级超级好看！
贰拾多岁,"这尼玛不就是爽文吗[喜极而泣]
什么都是白给"
紫悠大帝,"我看视频开头有人刷了几条“不是女尊，是讽刺男女不平等的剧”
其实我觉得不用太较真，首先这就是个沙雕甜宠剧，在搞笑目的的前提下讽刺了一些男女不平等和绿茶b之类的，真的不要给这个剧扣“讽刺男女不平等”这么重一顶帽子，这剧不是什么搞高大上立意的剧，真不知道发这句话的是粉还是黑。
还有，看这条弹幕，应该是有点误会女尊的意思了，
一般（拿小说举例）的女尊文，其实指的就是一个背景，一个设定，而不是故事的内涵，女尊的标签就和穿越，重生，这类是一样的，
不是在推崇女尊男卑，也和女权没什么关系，就是一个背景设定，主角所处的是一个女尊男卑的国家。
而且设定是不要深究的，男女的生理（包括生育身高体力）的问题都会导致设定不完整。
（女尊文里有的设定还是女人生孩子，但有的还会是男人生孩子的设定）
而且女尊文大多数本质上还是bg文而不是gb文。
所以即使是女尊也有男强女弱的男女主设定，还有和女尊世界一致的男弱女强的设定，还有很多男强女强的设定，
因为即使是女尊世界，很多女孩子还是喜欢普通世界观来讲的男人，所以明明是女尊但男主很强的设定不少，
所以也会有这像电视剧里这种一个大陆上的国家，但有的女尊男卑，有的男尊女卑，这样细究好像不太合理的设定。
顺便，穿越恶毒女配这个梗（包括穿越女尊世界），的确是早在晋江写烂的梗，
转生恶役女配也在日本一大摞子漫画了，
但是无论是动画化的《乙女》还是原创剧本的《陈芊芊》，都是动画领域和影视领域的新尝试，这是好事情，叨逼叨这是晋江玩剩下的真的很没意思。
还有另外极端的，不知道这个题材很久了的，也不要cue《乙女》说相似了，多看点网络小说就知道这种设定很多。
至少我还没看见有说电视剧抄袭那部日漫的sb，不会真有吧。。。不会吧不会吧[疑惑]"
理想关系1001,up主还是适合解说深一点的电影电视剧啥的
__GrandeAmore,我太爱男主了
shaynezhangck,[无语]这样的片子没营养啊
百柚嶙峋,我小名就叫千千啊[微笑]想看
追梦者零零一,气抖冷 们开心了吗 哈哈哈[热词系列_三连]
爱穿花裤的川建国同志,转生恶役的不要再刷了，你没见过世面不代表别人没见过，这种网文套路在哪里都用烂了，我看过不止一个转生漫画，也没像你们一样整天刷刷刷，别给转生招黑了行不行啊，烦死你们这些ky了
Unlimited工作室,试图交易:https://b23.tv/PvgTCK拜托支持一下[大哭][大哭][大哭][大哭]
林不邻不邻,我去看了，太上头了哈哈哈好多梗！！！推荐！
糖言言,小说很正常的套路但是电视剧很少所以才新颖啊，没必要说这个吧
anser猫猫,被安利到了呜呜呜呜呜呜呜呜呜太好看了！！！
青青莞,人家没有号称女尊呀，一直是男女平等，就是沙雕言情原创剧
假发今天戴假发了吗,那啥啊   没人看过女帝的后宫吗
Bryan09zgb,其实我觉得这剧或者说这书有点可惜，这个女尊男卑的设定很好玩啊，要好好发掘，但到后面这个设定存在感好弱。。。
再也不吸雪碧了,中肯
抓到一只萌,求片片解说 无人区[打call]
富川贵妇,今天还有更新!晚八点!韩少君中药了!不要忘了!
凤凰的谓,苏沐[热词系列_爱了爱了]
MIA-stone,"楚楚也没那么善良吧，挺功利的，对于矿下的工人也没有那么仁慈，芊芊当了少城主立马就跟芊芊翻脸了，也不顾姐妹情谊了，她努力上进是不假，但是陈芊芊对她也不差，怪就怪在阴差阳错韩少君为女主作弊，城主偏袒芊芊，女主角没有做对不起她的事，甚至芊芊也只是想活下来，然后也一心想把位置还给楚楚。

最最大bug就是韩少君喜欢上了芊芊，且芊芊没死，还为芊芊做出了改变，原剧情即使和楚楚在一起也还屠了城杀了人"
我的司徒末你在哪里,女主傻白甜不说了，但硬是撮合男主和楚楚在一起也是无力吐槽了，多少年前的套路编剧也敢用，还不如少君和楚楚一起算了
道长没钱改名字,我觉得最好的设定就是开头的，这是新人编剧的本身就有很多bug的剧本
狸猫换太子s,本以为是up要吃饭，没想到是我要吃饭，这剧把我喂饱了，这视频又把我喂撑了[热词系列_泪目]
妙啊骚年,大家不要觉得片片讲的敷衍，这明显就是为了讨好嫂子做的视频，又不是为了讨好我们的，能不敷衍么[doge][doge]
_Book思议,up不行啊，好几个地方说错了，苏沐明明和陈沅沅是一对，至于男二喜欢女主是因为女主是编剧知道男二弱点，对症下药，林七也不是只，因为男二讨厌女主，而是为楚楚打抱不平，男主恋爱脑是他的一大特色啊，至于女主的主角光环，我只能说这样看起来很爽
45234836342_bili,比较想知道的是开头你头像上的那一串数字是啥意思
白日梦钱,三公主府，难道没有侍卫的吗？？
bili_96002517093,那个转生动漫?哪里像了，一个标着乙女恋爱的标签，里面全TM女主英雄救美，剧情老套，动不动就橘里橘气，未婚夫一点存在感也没有，在我这里就是一个垃圾动漫，他要是个小说，受众肯定不会广。
呵呵她在,不是[doge][doge]为啥玄武城打不赢花垣城[tv_目瞪口呆][tv_目瞪口呆]
biubiu思韵,小说老套路了，这种类型的快穿都快玩烂了。。。
鬼姐想和陈贴贴,这里全是饭圈女孩是我没有想到的
程的蒲,我看到了第六集，弃了，女主的思维恕我不能理解，感觉她不像是穿越到了自己写的小说，就像是穿到了一个自己了解故事大纲的世界。除了白月光男二，她好像一开始对其他角色都没什么感情，可能因为这个剧本仅仅是她的工作吧。个人感觉，不喜勿喷。
-木偶-Puppet,"最后竟然圆回来了
6666
可以可以"
龙龙的二花,的确是不太认真的解说。也没吐槽到点上，应该是看到老婆也看，随便看一些片段博取流量和热度而已，看看就好[OK]
只是因为我有了大会员,姐妹们冲吧真的很好看！！！
我是你的老冰棍啊,晚上11点打开的第一集，看了就停不下来，连夜看完10集
焉焉焉xj,哈哈哈哈哈哈
極東淨土,up最后说的几个缺点不是最影响观感的都可以圆过去，其实别的几个缺点挺明显的……但是就是说不清楚到底哪里奇怪
海佬铭,up主要不顺便把https://www.bilibili.com/bangumi/play/ss33055 这部番也给讲了吧[吃瓜]
卷卷小霉女,电影电视剧解说是不是各大视频网站的会员都有[tv_doge]
淅淅沥沥哔哔去,刚看完电视剧[呲牙]
甜兔一只,当喜剧看吧不要讲逻辑了
停停的奶黄包吖_,弹幕真的证明了现在破站低龄化有多严重[翻白眼]
iesunnie,终于推荐了，强烈炸裂爆裂推荐，好看
mysltm,你后面好多剧情说的都是错的
告别必备打破,自从在B站发现了片片的踪迹，我的币终于有了用处，追片片几年了，是时候打赏了[tv_doge]
璃墨-Ling,你家守宫砂日抛的啊！[doge][doge]
花景脾气不太好,真的很好看啊   拜把子那都要笑死我了   12集我一下子就看完了，，为什么不把24集都放出来啊真是的
璃墨-Ling,哇哇哇！片片竟然解说这部剧了！
oO随波猪流Oo,https://b23.tv/UR9L81  这个是不是抄袭的啊，里面还有你的宣传哦，小片片
LLawlietSH,我觉得up说的几点都在理啊，怎么这么多怼人的？这是公关或者粉丝过来了？当成无聊时候的排遣还好，不过不能算多吸引人的剧。又想走沙雕路线吸引人又想有严肃的正剧剧情，结果两边都没有把握好。
牟小超,看到一些人的评价这破剧我也不想看了
时崎星落,噢
酷哭库,小小吐槽一下，女主开头的造型我以为是哪吒啊。（不含贬义，纯吐槽。）
寒江独钓柳子厚,编剧就是天[doge]
蛙蛙蛙_,阿婆主看了多少集啊？感觉你看的不是很认真
林小虎的小下巴,男绿茶🍵我要笑死了！！！！
是小柠檬呀丶,第一次没看完就投币了，看完只想把我的币收回来。。。
四火一个燚啊,露丝超级可爱，丁禹兮也好帅，这剧真的高甜超搞笑
龙翱宇,哦豁，片片被怼了，这下安逸喽
mahoai,"看个剧都能饭圈xswl
不管片片解说的好不好，感兴趣的看了前面就会感兴趣，不感兴趣的再尬吹我也没兴趣[微笑]"
橘汁好喝,完结了吗
柒一一月,待玄虎城挥军而下，别说一个陈芊芊，连裴恒也是您的[滑稽]印象深刻[滑稽]
Insurgent宋清明,。。。这剧确实是有bug的。。。up就是踢了几句缺点，剩下一直在夸居然都被喷这么惨，我现在理解为什么up主们最喜欢解说公认烂剧了，因为没人喷。
日月幸甚_,我就等着这部剧解说呢哈哈哈哈哈哈哈
土味电影院,豆瓣7.9，到底給了b站多少？
单扇,我居然被原女主楚楚圈粉了，有一种这还不早除掉芊芊？这才是真正的女主角啊！太善良了有没有！的感觉
阿肥儿,啊啊啊啊啊啊啊啊tm真的火了！我家片片都推荐了！给我看！都给我去看！
Mr_心青,我只有一个疑问点，芊芊发现守宫砂时想法是没想到这个女配人设那么差劲竟然还是个处，所以想着回去捋剧本，但不像弹幕里说的，她发现了守宫砂在这个剧本设定不应该出现在女人身上，也没想着回去改剧本啊。还是说我看的是删减版被删剧情了？反正这一段解释我是没看到，我也知道这剧不能深究逻辑，但我没想到这一点我纠结到了第十二集。其他漏洞我到真没纠结。。今天要更新了，我得去看了，毕竟这剧还是挺上头的[鸡腿]
我要改id名了,这个男主超级眼熟，他以前演过什么吗？
早睡早起256,腾讯漏出欣慰的笑
NIIandNIR,别他妈说这个剧，我一时手贱点进去看得满脸痴笑，结果没更新了！我又发现这个男主有另一个剧，韫色过浓，我又去追剧了，然后追完了，我又蓝瘦了。
初遇好き,我怀疑阿婆主你根本没看完这部剧，或者说没有仔细看，这部剧你说得bug剧中都有解释。而且我们少君人设可不崩塌，他白切黑切白自由转换，人设立体又丰富，我本人特别喜欢少君
涂山雅阁,女主是穿越剧大佬
梓慕以诺,反正就只有女主是按剧本走的呗
神狗姬叽叽叽,我想问有没有和这个差不多的剧！！！还有这个在哪个播放器看呀！！！
瓦瓦仙贝哦,那挺爽
阿狸爱香蕉,[热词系列_知识增加]
薛定谔的金币,这让我想到了一部番，一部一月新番[doge]。完全就是真人版嘛[囧]
pxxxenia,陈楚楚不是公认武功值第一的。。。。。这里面有司军，也就是大将军，但是没有出场过，武力值不确定，城主的武功也不确定，但是城主旁边的总管，武功深不可测，和韩烁不分上下，或者更高，然而楚楚打不过韩烁，还有，林七曾经为了激三公主武试，在众人面前说过，她三公主的武功，在花垣城，她要是敢称第一，没人敢称第二，所以咯，以上，楚楚功夫其实，虽然不算低，但是肯定不算高，绝对不是花垣武功值第一的人
淤泥一缸,看了十几集，还是怀念第一集里原来那个鲜衣怒马的三公主陈芊芊
嘻嘻jka,我当天晚上刷到3点一下子，期待更新啊[跪了]
繁华残景,这个剧的梗晋江都玩了好久了 能不能别老是提破灭了 乌鸡鲅鱼 真就万物起源了呗
池夙云的亲妈,那几个缺点分析得挺好的。我就是因为这些问题弃剧的[笑哭]
jasidajs,这妹子好像普美啊
風依旧,太甜啦
KarlGe,你说你是不是偷偷换了封面？
焰齿之心,剧情逻辑还是不太行，但是足够沙雕，其实剧情不要多好，只要不出戏就行了，这点要改改，不过赵妹演沙雕剧确实够沙雕的[喜极而泣]
Immune伊,虽然但是，这就是恰饭吧
isRayray,不是女尊，是讽刺男女不平等的剧
南北为以,太好看啦
毛有昵称,我还是觉得片片你解说悬疑烧脑片比较好，这种实时甜宠剧什么的真的不适合你，我也老粉了，从美拍一路关注过来的，专栏也从第一期开始定了，悬疑烧脑片解说依旧精彩，但对于甜宠剧偶像剧难免带有偏见，加油吧
艾叶之米,你们就不能让我再忍忍，我想等到结局在看[大哭]
溢泛泽泽,我觉得还是邪恶大小姐好看
士多啤梨盐井桃,我感觉好像不错 试试有时间去看看
遁世者,唉……不是我太苛刻，而是我不知道多少年没有从国产剧看到一个有男子汉气概的男主带着有男人味的容颜装扮，所以这类剧，我实在很难磕下去，别骂我，吐槽飘过。
应该是芝麻馅,我为了这部剧把会员续上了[tv_doge]好嗑就完事，我不要脑子了
不想做呆呆啊,up没看全吧
边玩边走,8说了，先抖哭
可爱的阿迈,内容没看刚看标题和封面我有点气抖冷，我们男人什么时候才可以真正的站起来！[酸了]
人间观察的第十五年,看起来挺好玩的，以后补补
陷入昏妮,一口气看了十二集
染墨清池,这部剧就是女性爽文
浅浅夏末丶,我看了，挺好看的，一直笑呼呼的，只有女主为男主挡刀子那里忽然哭了，看这个剧挺开心的。希望不要烂尾。
栏台温酒,万物起源某番剧，见识少就不要ky丢人了
元溜溜6,啊啊啊啊啊啊这个真的超级好看！希望后面千万不要虐啊555555555555[大哭]
曹衣带吴,有的女权极端有的反女权更极端，吵内些话去其他地方吵行不行，这个片子感觉其实在说男女平权吧，别再权来权去的了，起码别在弹幕上这样，真的讨厌
随波逐流的老强,哈哈哈哈哈哈哈哈哈哈哈哈
闪亮的星空间,笙笙唱的主题曲 好好听
Dddd小西,前期看的很上头，笑点也很多，一度安利给身边朋友看。但是后面这几集，我感觉自己脸都被打肿了，女主突然就绿茶了起来：虽然我和男主亲亲抱抱举高高，但是我还是希望男主和姐姐在一起呀[微笑]
珣星蓝月夜,看了开头一点，还怪喜欢原版的三公主的
易碎的光,根本没有仔细看瞎搞呢？
稀里哗啦彭,🙊
卑微昂昂,男人只是充电器[捂眼]
迷上海贼王,爽文
虾仁饭团蛋黄酱,就沙雕小甜剧唉，我是自来水。就图它下饭，搞笑，满足少女心。
慎儿啊,片片明显就是大概看了下 然后去知乎找吐槽了 一点也不仔细
帅气的大脸,相关推荐都是讲片UP讲这片  这是花了多少广告费了
一只龙宝宝,哈哈哈真的被刷屏了
嘿！前面那片森林！,片片看的真的不仔细啊
JIA肉丸子,得亏这个俊女主角选的好啊，要是换成别人可能没那个味道
櫻桃大大丸子,这剧当个下饭剧完全OK啊，剧情搞笑，人设搞笑，咋一个个那么较真呢？？？？
star是橘子味哒,真的被男主的演技惊艳到！！！男主还要凹古代人人设的演出沙雕剧情hhh居然让我觉得不违和，这个比女主更难演出来，然后后面的对手戏可以看出男主在带女主(个人感觉啦)现在上头了在看韫色啦[打call][打call]
沉韵如龙,[喜极而泣]片片吐槽的标准是什么？
图卡TUKA,能不能别说-抄袭某个日漫啊，这部剧又不是这个日漫出来才开拍的[疑惑]而且这种套路文在女频文都烂透了，都看腻了[翻白眼]
鹿屿五五,看了18的预告，开虐了55555
等亦等,主要是看得快乐，快笑死了
狗哥小粉丝1,片片能解说几集飞哥与小佛吗
GOODBAIWDX,up主讲的真的不细致
商小葵和落,"那个头牌是大姐夫，男二和男主喜欢女主，新出来的那个心机小白莲，哦，不心机绿茶婊，目前喜欢的好像是二郡主。
女主让男二喜欢，不是因为她傻白甜，而是无论有矿坑里面埋的是男人还是女人，只要是个人，就比陈芊芊的尊严重要，陈芊芊，有大爱之心，觉的男人也是人，所以男二会喜欢她。
男主则是全靠脑补，嗯，自我猜测自我攻略，原本他是能成为李狗子一样的东宫型人才，现在这样挺好的⊙▽⊙"
孙漂漂吖,up没看剧吧_(:з」∠)_，吐槽的点都不对
武汉会雨过天晴的,有趣
隐锋_,熬夜写遗书我是没想到的
搞点煎饺778,建议完全不带一点脑子看，不然会被迷惑死[OK]
一颗柠檬兔味糖,看了这剧我只心疼女二，啥时候黑化来个反杀啊，女主眼里没有亲情没有爱情，你们只是纸片人啊
将戈,转生成为了只有乙女游戏破灭Flag的邪恶大小姐？
刺卿卿,呵🙃说这剧好就是水军？你长脑子了吗？
朔间零QAQ,第一集挺不错的，看完第二集觉得一般，没看完第三集直接关了。
成果的成果,既然解说就负责一点吧。
望仔甜牛奶,“别说三公主了，连裴恒都是你的”
人外有人外有人,up已经在置顶评论解释了咋还在说...就是一沙雕甜剧不用太钻牛角尖哈～看开心就完事儿～不喜欢不看就是[OK]没必要骂没必要骂没必要吵架[呲牙]
贺冉柏风,怎么设定那么想 那♂个漫画
抠脚脚酱,我看到第十二集了，说up主讲错的到我这儿来，我们碰一碰，我要打十个！
jelliean,这期讲的太乱了！大家去看原片，绝对好看的
jelliean,说的好多不对啊。裴恒是因为他妈是很牛逼的官，他是他妈的独子所以继承了一切荣耀。然后说女主不是编剧嘛怎么不知道后面剧情的，因为女主在第三集就该被毒死了，结果一直没死，那后面的剧情就脱离原剧本了啊，所以她只能随机应变了啊。还有为啥大家都喜欢她，因为那些人都是她写出来的啊，人设就是这样啊，她是他们亲妈当然了解他们了。女主对诗那段她是故意这么说的，因为要稳住陈芊芊文盲的人设。
系满七元,这剧吧，感觉既嘲讽调侃了男权，也反讽了女权。开始之所以现代的那个男演员对剧本不满意，就是因为女主编剧强行让男权女权俩种极端思想碰撞在一起让他觉得莫名其妙无法理解。从女主穿书以后的发展来看，之后应该会在男权女权中寻找到一个平衡点吧。这不也是求同存异，共同发展嘛。反正这句作为沙雕搞笑剧来看，演技人设台词都挺吸引我的[鸡腿]
抠脚脚酱,笑了，腾讯花了多少钱请水军控评？视频前半段都在带节奏，后半段一看有负评就疯狂刷up主没看剧，我就一句话，我看到了第十集，片片没有说错的地方，麻烦水军们爬出去。
瓊桑起不来床啊喂,片片你仔细看看 你后面吐槽的好几个点剧里面都是有解释的
眼睛里的郁金香yo,刚刚花了一晚上追剧！真的上头
主播头发掉光了,这男主好像ZZM[偷笑]
行客不归,这种晋江起点玩烂的套路某日漫是要碰瓷万物起源？
蠢肥猫xc,昨天更新了两集 我准备等更个五六集再看 不然不够我哈哈哈哈哈哈哈哈一天的
行客不归,评论里某些南拳婊在阴阳怪气啥呢
是小曼la,推荐漫画女帝的后宫也超级好看！
没干劲的小颖,看这种沙雕网剧就不要带脑子看，爽就完了
jj抱枕,"我知道她是怎么穿过去的：
她写的剧本是另一个平行宇宙中的自己，由于剧本和现实符合，产生了量子纠缠，形成了神经元通道，导致她穿了过去[doge]"
Twentiner,陈楚楚二公主是小时光里的学姐吗？
Chloe_noir,橙光乙女系游戏点题了
silvia--yang,有一说一，这个解释我不太喜欢，你这样说让人一点想看的欲望都没有，沙雕网剧，本来就没指望制作精良，剧情严谨，好笑，好玩，还能看出那么点讽刺和深层含义来，就够了
误食毒蘑菇的哒宰桑,我跳着看的都看的比你清楚[捂脸]
怪我太如花,这期真的很敷衍，粉丝别洗了可以吗
遇见你是还是错,看一下漫画，本剑仙绝不吃软饭，和这剧一样，是女权世界。可以看一下很好看
暖雪嘤嘤怪,一直很喜欢片片，但对这个剧确实没有好好看哦，这样的吐槽会误导别人哦，这部剧肯定有槽点，但原剧对男二母亲身份尊贵和他本身才学很高，才让他成为头一个男司学，这个看过剧很明显，希望片片可以看完剧，再来好好解说一下，到时候转评赞👍双手奉上(⑉°з°)-♡
事出有鄞,这就一下饭剧，看个开心😊做为沙雕甜宠剧来说还不错[抠鼻]
31343608607_bili,除了剧情有点俗其他都还好
洄游loria,艹，我快破灭flagPTSD了[无语]
沐森森,片片要不要考虑去看看这季度的新番 转生成只有破灭flag的大小姐，真的越看越上头，又超级搞笑
抽抽大队,片片以后还是别说这种剧了，会被女拳喷死的
白咲花是我老婆Orz,和那个穿到乙女游戏的番一起看双倍的乐趣
就是看看不吐槽,能看这个剧的我愿称他为猛男！
我的灵魂是眼镜,男主自我攻略，女主自我绿化[笑哭]
星语月声,[doge]这段故事让我有点兴趣看了
秃顶-阿哥,up是看虫哥做的二次解说吧…除了昨晚新更的几个画面，其他剧情对不上原剧，而且解说的梗来自其他up主吧
来自地狱深处的阿杰,这剧只有前面五集好看😢不带脑子看可以，后面是真的看得我浑身难受，当个消遣还行bar…顺便一说，我才不要和你做朋友呢，这部剧我最近在看，挺不错的🤔我真觉得比陈芊芊好看，后排发一个安利
原味龍龖龘,请务必把我当生育机器使用，我不想努力了[妙啊]
襢黎斗,其实也没有那么好，这套路放小说里一抓一大把，不过拍成电视剧我还是头一次见，不知道有没有比这个更早的[傲娇]
vistaandfate,开头那个夫人骂丈夫不争气那里爽到我了[doge]
Rosalio,从大学时候熊猫直播上看到片片，到现在工作三年了，没事就看看，个人觉得视频质量还是可以的，还请继续加油！[热词系列_三连]
小王冠23333,其实我觉得这剧讲得是平权，而不是男尊女卑或女尊男卑。男主确实帮过很多次女主，女主也救过很多次男主。难道非得女主或女二后宫佳丽三权女尊男卑大家才过瘾吗？男尊女卑，女尊男卑，本质都是糟粕。是性别不平等的表现。女主试图说服裴恒的那句，不要因为自己的性别，放弃自己想做的事，我觉得算是难能可贵，对男对女都一样。当然，此剧有些bug也是真。
爱情麋鹿,转生成为只有乙女破灭flag....剧情差不多？
小朔哥,甜宠剧不能带脑子看[doge]
起始之隼,这个女主我可以！！
秃然一个秦呈,这个还真的挺好看的，主要是好笑，天天能给我笑精神了
把拢龙带回去睡觉觉,片片你没有仔细看[微笑][笑][笑]
金薇薇与小莉柚,看这剧别带脑子就行，超解压的我笑得这两天觉都变好睡了[2233娘_大笑]
爱已觉醒,他一不图兵力，二不图钱财，那她图什么呀
づ少君倾酒,它来了它来了，这个剧真的好好看，非常上头哈哈哈哈
我爱你雷母,[热词系列_知识增加][热词系列_知识增加][热词系列_知识增加][热词系列_知识增加][热词系列_知识增加][热词系列_知识增加][热词系列_知识增加][热词系列_知识增加][热词系列_知识增加]
宋宋酱吖,这期也做的太敷衍了吧
七小猫,这部剧真的甜到掉牙
jjzbgsctzlbl,哈哈哈哈哈哈这部真的太好看了呢！！
破烂喉,整八百个视频了
薄荷白桃乌龙,说打拳的你们真的看过吗？这剧是在女尊男卑的背景下，但是各种人物故事都在讲平权主义。看到什么都觉得是打拳人我真替你们悲哀哦
bili_75873859262,这种风格的我一般追小说。毕竟尺度很大。[doge]
海天无量,能够审美，只是不能审“畸形”，而且是为了“畸形”而“畸形”，越是“畸形“本质就越是丑，就算用帅哥美女蒙上一层面具，我反而越是能感觉到面具下的急剧恶心，就光是听解说我就觉得不舒服了。[吐]
风尘诸弟隔,感觉不咋地
随便怎么啦,十年前的网文套路，编剧都不看网文的吗？
蓝深灯,。。。这不就是把过去历史剧男尊女卑那一套性转了吗？这要是打女拳，那我们过去的宫斗剧都是在打男拳？我觉得这个顶多提醒我们历史不能开倒车，以及换位思考。而且就像up说的，这部剧也就是披了个女尊的皮，实际就是部沙雕剧，在这打拳，太无聊了吧
北方罗卜控,和以为是陈倩倩呢
欧米小萌萌,我感觉赵露思台词功底不大行念白不清楚
bili_72732556619,up估计赚了不少黑钱吧，一个两百万粉丝的人还在为这种打拳视频洗?
又帅又能打的乌布雷,气冷抖 我们男人何时才能站起来
十分无趣的人,这个视频看完，再看评论真是乱了套了。不喜欢看女尊题材的人觉得这个视频是在贬都高潮了。不好意思，我就是喜欢看，你能说你的观点我也能说
用个名字真费劲,赵露思賊可爱，剧情紧凑又沙雕哈哈哈！
除了学习我都不爱,女权狂喜
斯卡利斯Scarlizy,这都女尊了，我还以为男生子呢[热词系列_锤]
蓝云朵了,[捂脸]我在某短视频里面看完了全部精彩部分，看原视频的时候索然无味
黄色的钻石,up最好别吐槽这种yy剧，相当于打破了某些人的幻想，会有人喷你看剧不认真的
罗浮生的正宫夫人,真的好看[大哭]
想吃糖的采菊,这个女主演员挺眼熟[笑哭][笑哭][笑哭]我记得另一部沙雕剧女主也是她[笑哭][笑哭]
阿库西斯教射惠部部长,男人骚起来果然没女人什么事了[doge]
天鹅的梦love,刷抄袭乙女的，知道不知道这部剧编剧以前就写过类似题材的《来到你的世界》啊，以及这是小说里常见套路，不是什么新鲜玩意儿，说是抄袭的连脑子都不要了[微笑]up硬吐槽的几点都没吐槽在点子上，这就是看剧没看仔细或者没看全的坏处了[微笑]
牛贩子123,气冷抖，何时站
带上口罩的小仙女,是我脸盲吗，男二长的好像徐大虾[笑哭][笑哭][笑哭]
看到我就让我去学习_,刷转生那部番的，我要是说它不就是多年前晋江火过的网文套路吗[笑哭]，你看我这么说你高兴吗？[无语][无语]
东方曜西施,原来喝八宝粥防脱发
不能承受の生命之轻,哦豁
滚开你离我远点,你解说了好多地方是不对的[笑]
都让开我自己挖,感觉全世界都在安利这部剧但是我从小到大女尊都是雷点啊QAQ我看玛丽苏女强文的时候就是雷这个(ノ=Д=)ノ┻━┻
SixGodhamsausage,反派有权有势有啥不对吗，这就是反派光环+主角头脑
格子酱不是草莓酱,这个真的很好看！多年不看电视剧的我追的上头[微笑]虽然说在小说里这种题材很古早，但网剧里还是很少见的，but，虽然有几集比较尬，可是够沙雕够甜[鼓掌]
黑糖Coffee,不会真有男的看这个吧[吃瓜]
LexBureer,说实话你就当爽番看就得了，没法仔细琢磨，一琢磨就有点尬了，还是看个乐呵就完事了[OK]
物极必反1024,？？？三观有问题[捂脸][捂脸][捂脸]
K小程,剧挺好玩的，上头[喜极而泣]但是不得不心疼一波楚楚，原女主一点光环也没有，处处背锅，她黑化也正常
神贺旭,我傻了，我特地看了半天没看出来哪里好看，我有点更喜欢前女主现女二人设，我甚至对女主穿越之前这个原本死去的女二性格更好奇……虽然吧但是吧，还看的过去但是吹成这样有点离谱吧……还容不得说不好了吗……
性感的大辣皮,小片片有没有解说过《老男孩》啊，想看
氢氧化四氨合锌,有的弹幕过分了吧？解说风格是up主自己的，有bug就让人别bb滚是怎么回事啊？做人别太肖战粉。
请叫老娜小纯洁_,看过这样的小说就不奇怪了，穿书都是反着来的
窗边等秋雨,就是个无脑剧，评论还吹起来了？
gianna嘉南,哈哈哈片片你不是悬疑剧博主嘛
蓝盒子本T,没看剧，看片片的解说来看，这个青楼的男子娘娘的真的不是在贬低吗，真要是女权主义的话在青楼的男子应该爷们一点叭
梅路艾姆x小麦,"片片这是我看你这么多视频最不满意的一集。
这个剧一开始现实男演员就在强调平等的重要性，剧情里面女尊男卑的剧情也不是完全为了yy为了爽，其实这些换性别都是中国历史上长久起来发生的事情，最多是反讽，让大家感受一下不平等制度的不合理。

大家看就图个乐呵。
你看都没看清楚就来解说，你要是不喜欢你跳过就好了，何苦带有偏见的解说？你最后提的那几个问题剧里面都有解释的，真的没认真看。
我三连过你无数次，但是这次我点踩就走。

另外我不是这部剧的粉丝，我看了大概七集多最近在玩别的东西，看了你的解说就觉得粗制滥造离谱。"
贰次元里の一只懒狗,好 远 的 尿
58817959204_bili,反正女孩子看着就是爽呗，像我们看后宫番一样
萝卜妮萝卜摊,男主好帅
小西在二次元,总感觉女主长得有点像韩国女明星的感觉
Finoc云倾,点燃狼烟，挥兵城下，别说一个三公主，就连裴恒，都是您的[doge]
在下老胡你想咋滴,看着尬的不行，不推荐[呆]
没有对象哪里找,看完了解说，我能肯定up绝对只是来蹭这部剧热度的，也肯定没仔细看这部剧，这部剧的确有些许bug，但是up主说的这几点刚好都有解释，说明up自己看的不认真，大概率两倍速加跳着看，就为了尽早趁着热度把解说稿子赶出来，之前up解说的很多视频我都三连了，但这个视频，真的抱歉，我做不到不点踩就离开[撇嘴]
壮壮啊壮,"男主好像是16岁诊断出来的心疾（不是很记得了，反正说过是后来诊断出来的），剧里一开始也有说他是玄虎城的少君（还是唯一的？）应该是按继承人培养的文武双全，很厉害的那种。只是后来得了心疾就“病弱”了。
男二是因为他母亲很厉害所以他才会破例当老师的，这个剧里也有讲。
城主旁边的桑奇应该是属于女主旁边的梓悦、男主旁边的白芨那种，类似慈禧旁边的李莲英。
守宫砂男主跟女主成婚的晚上也有嬷嬷让男主点，也许花垣城男女都点。只是一个推进剧情的工具而已。
这部剧虽然也有一些bug，但像up主讲的不合理的点基本上剧里也有交代，编剧稍稍合理化过的，没有那么夸张的。"
你说的都对lllll,真的好看，头一天10集连看，今天刚看完更新的，可惜我觉得太少了，才24集，根本不够看好吗
zhangnaishi,赶紧给我追
qijin43,这次有点小失望，希望片片的视频重在质而不是量
那我就再也不用装什-,如何评价B站成为微博
放假无聊中,不知道从什么时候开始，up变的连剧都没看，张嘴就瞎β吐槽。
酒杯阳光,up主这期视频质量有些那啥啊 剧里的bug什么的自己去看看就知道了
潜鱼千羽yq,感觉阿婆主没有认真看这部剧
言京,剧没好好看，解说不严谨，看过其他up解说再看片片的就觉得没新意，截的片段也大差不差，作为有影响力的大up，解说影视必然会带有个人观点，最好还是再严谨些、客观一点，后面有一段解说给人的感觉就像别人写好了文案，照本读的，希望还是好好做视频，不要求量不顾质
我要发酵w,本来也不是什么正剧 笑一笑看就完事了 也别那么大戾气 我对这部剧本身也没有非看不可 主要还是因为我们小丁[害羞][害羞]
白衣烬欢,蹭热度赶出来的视频吧……
Blue璟,主要这部片太tm搞笑了... 笑出猪叫了...香蕉苹果橙子...
演源源,[doge]韩烁在手，天下我有
哎呀呀balab,噗哈哈哈哈哈哈哈哈哈真牛皮兴奋了
清_玖,剧挺好看的，up的几个疑问一看就没有认真看剧哦！城主以及每个郡主身边都有一个男的，类似贴身侍男这样子，不是啥大官，裴司学是唯一一个男司学，受她亡母的荫护，女子点守宫砂确实逻辑上不通，但是能更快让男主知道，女主为了救他抛弃了名节，更快让他感动让他攻略自己，女主也只有男主男二喜欢，倒也不算所有男人都爱她，乐人苏沐是大姐的感情线，陈芊芊对他颇为照顾，所以他只是感谢陈芊芊，并不喜欢她。
山抹微云伴新月,脑洞大开，有趣
朴旻在我身下,真的很无语，说的一点都不中肯。就像蹭热度紧赶的稿子，硬黑。以前觉得你分析悬疑这些都说的很好，这次没必要在一堆好评中为显示自己的“理智”尬黑吧。虽然人们对网剧沙雕剧有偏见，而up主说的bug，编剧都解释的比较清楚了。感觉没有好好看剧就瞎点评。
猫爷恰萝北,看18集预告要虐了[酸了][酸了][酸了]
浮生若梦百年烬,我觉得这个当个沙雕剧不带智商看还好，你对它有什么过高的指望就算了，编剧把女配塑造成那样，我感觉是想强行丰富人物但是弄巧成拙显得女主在很多地方很婊[笑哭]，说是讽刺男女不平等其实还是换了个背景谈恋爱，女主大部分遇到事故全是靠妈靠男友靠老天爷，而且小部分事故还是自己作出来的[笑哭][疑惑]
东北大rose,夺笋呐 根本不够看
你可爱的die丶,头一回看电视剧希望超前点播赶紧出来[笑哭]
坨坨的小尾巴,别说三公主是你的，连裴恒都是你的[tv_doge]
幽谷哼歌,ko   no  dio  da！
路人路过中,图我[傲娇][OK]
眿宸,这部剧让我理解了为什么男人会喜欢白莲和绿茶，突然男人的快乐我体验到了。
小蜡笔1214,如果要讲就认真看，并不觉得陪老婆看是不认真的理由。做视频辛苦，但是请保证质量。
1236754321,像这种剧名字一出来我就知道我兴趣不大 但是没想到时居然评价还挺好 所以 各位正常的男同胞们 这剧好看不 女的就别回复了 因为你们眼里啥剧都好看
梅梅不懒,片片这次解说后面完全是为了吐槽而吐槽 太拉低好感度了[无语] 后面讲的缺点基本上全是错的 片子没看全就这么不严谨地放出来误导没看过剧的 果然就是个营销up主罢辽
VValan,沙雕剧专用女主？
九心海棠sama,我知道片片可能不太热衷于这种类型的片子，但是既然决定要做视频了，那么起码认真一点吧
不知道该取啥名儿了,好喜欢女主身边的小可爱
天空之城的彩阳,邪恶大小姐拔旗战？？？
ZLinAlso,太喜欢了 最喜欢这个男主专心搞爱情的人设了
是小白啊_,这种编剧穿自己书的情节在很早之前的网文小说很流行的，尤其是本来穿过去前是恶毒女配，然后过去之后成玛丽苏女主。。。因为大家最近在疯狂追才出圈；我看了一两集，算是不带脑子的甜宠剧，还是爽文，但因为看多了，我还是喜欢那种女主拥有开挂般的双商，而且并不因为主角光环活下来的穿书大女主文。
狐尾の眷恋,真的，片片这次真的不够认真，放了很多片段不说，bug找的也很随便，很多其实都是剧里有解释的，希望片片即便不是悬疑剧，安利的时候也能用心些吧。
求片片解说死神来了,打卡
一只lwt,反套路文和套路的杂糅，图一乐咋这么多人搁这说🤔
山猫酱,这期油管有版权问题，看不了
是点点不是短短,感觉完全没细看过就做的视频啊，这剧就一甜宠喜剧，确实是有缺点的，但完全不是强行吐槽的这些啊。片尾说的这些基本剧里基本都有解释，细看了完全不会不知道啊[疑惑]片片不爱做这种可以不做，也没必要强行吐槽吧。
狗飞不吃狗,说实话 片片可能也想写这种剧
小酒馆数学号,蝙蝠成了精[喜极而泣]
63824992442_bili,男主不帅
暗夜小王纸,[微笑]
未埗君,这剧看到龙骨那里就觉得侮辱智商看不下去了
防风不防雨,我就单看了十集剧都觉得你这里面很多问题问的不像看过的
金鱼狸花,up主还是说悬疑片吧，列出这剧的所有bug剧情里都有讲到，up主估计不喜欢这类型的片子所以没看仔细了
谁还不是个马猴烧酒,哈哈哈哈哈这部剧真的挺好看的～不需要脑子，看的就是开心哈哈哈哈哈，女主我吹爆，好可爱啊
森之莳,虽然男女主的颜我不太吃，但剧情真的很有意思
hdvdydjzi,啊哈哈哈哈哈哈哈解说了解说了[喜欢]这剧现在就是我的快乐源泉!!!!!!
菇菇牌糖饼,我最近也在追蛮好看的
别惊动我体内学霸之魂,这个演陈芊芊的女的，原来不是综艺《一年级》里的那个表演系新生吗？看来都开始演正剧了
木末生花,要保护好自己啊片片，现在风评真的太乱了
朴清纯_,这？？？bilibili漫画里搜《女帝的后宫》
君王与风,刚看完11和12集，要气断气了，虽然吧…逻辑上也说的通，但是怎么可以这样虐我们男主，后期不虐虐女主，我意难平啊。（我楚楚太可怜了呜呜呜）
蛋蛋佩奇,动态呢
秃头少女不秃头,汝甚骚！
声优丶都是怪物,动态怎么删了
秃头少女不秃头,最近好多up主安利了！挺好看的，大家没事可以看看消磨时间
makenziening,365 那个韩剧 片片 求解说[鸡腿][鸡腿]
Killgrave,动态怎么删了
钟楼古美萌,刚看完动态就删了
疾风小陌,翔哥动态怎么这么快就删了？
居劳斯的一颗小澜孩,看到最后没想到骗狗进来杀[热词系列_泪目]
鹿其鹿粦QL,片片删了还是好的，别被当枪了[鸡腿]
jukebox132,刚刚是不是删了条动态[囧][囧]
背书好难啊aaaa,俺好爱！！
我在别人的风景,天哪！！！！片片竟然说这个！太好了
冰糖鹿角,据说是部沙雕剧
fressiajx,太好看了，太好看了，太太太太太好看了
彩红妖姬,之前就想让片片讲来着！！！
南浔爱反派,片片最后那几点剧里有解释啊
蛋黄千岛酱,[鸡腿]
裸奔的少男,穿越最怕的几句话接力，开个头：“大帅前面就到皇姑屯了”[滑稽]
大怡怡怡怡怡怡,谁家的矿炸了？你家的矿炸了，我家的矿怎么了？你家的矿炸了，我家的矿怎么了？你家的矿炸了，炸了，炸了
滴嗒滴嗒yo,啊啊啊啊啊啊啊啊我爱的 陈芊芊！我爱的韩硕！
再发评论剁手_,谁们嫂子，当谁哥呢
-勺子-Romantic,"男主都不用女主攻略的 他把自己攻略得明明白白的 然后在把攻略后的自己递给一脸懵逼的女主[doge]
转"
Stffjhdkvdrthxx,这个剧真的好看 很久不追剧了
寻幕,这是我看片片的解说里最敷衍的一期。在看到他说所有男人都爱我，就知道是没有认真看剧没有认真解说了。很多地方都有解释，小细节特别多，但是片片在讲的时候……莫名其妙添加了自己脑补的恶俗言情情节？我的表情：赵露思说咸了的那里表情。不按原剧瞎解说我真希望各位up主能少一点，我和很多人就是因为这一点取关low君的。
曼曼的日子呀,看了，并没有觉得搞笑，现在人笑点这么低的[疑惑]一不小心就笑死了。还是喜欢长相思锦绣黑化的路线（不看女主线），亲爱的义祁君更才下饭
WJSSMXX,这台词太烂了
软熊不爱吃榛子,甜
一个七零,瓜甜不甜？我啃一口不就知道了吗？(^O^)
断岩之涯,好好看吧
阿全哟嘿,丁禹兮居然是男主？我的天
是梨奈啊,不知道为什么自从我搜过传闻中的陈芊芊之后，就好像全世界都在看他[笑哭]
肉装亚索,按理来说是男是女确实是男人的责任，女性只会给后代X染色体
请用逻辑回复我,恰哪了？恰你ma了？
断岩之涯,老好看了！！！！！！
何携靛三,哦豁，这下遭得了住
风亓沫羽,今晚的剧情让我笑疯了[笑哭]
风亓沫羽,看见剧，毫不犹豫，一键三连[热词系列_三连][OK]
徐喆外币外币外比巴卜,爷愿意
个神奇的网站,唉  看了最新一集的预告，难受的我啥啥都不想干了  用林妹妹的话：何苦来😭
清风鸣剑杀,给大家推荐部《男主的自我修养》
妙龄少女郭德纲,怎么说呢，就当个搞笑沙雕剧，别带脑子看就行了，女主笑点演的挺自然不会太夸张让人尴尬
南是南方与北方的南,怎么什么片子都解说啊，经典呢？
海绵宝宝抓水母咯,片，你这期确实没整好。你还是搞搞电影吧。
大风车呀吱,我觉得就一般
余小小同学,难道就没有人觉得这个剧情很像漫画《女帝的后宫》吗？抛开女尊男卑不讲，连守宫砂也是在手上一样的，还有乐师，三公主的相似人设[热词系列_知识增加]
向日葵的三明治,我觉得这部剧真的挺好看的 又甜又搞笑
玩花切的北橙,感觉这个剧和最近B站里转生到乙女游戏的番很像，沙雕搞笑，有地方很尬但很好笑，太上头了，这两个简直是我开学补作业的快乐之源..
DIG-E-,男二和楚楚一对，男三和阮阮一对！
gx逢考必过,来了来了冲冲冲
qiuqiu5527,哈哈 片片评价很中肯 故事逻辑有漏洞 人物感情变化也很生硬 但是剧情真的很甜很搞笑 当成一个下饭剧还是不错的
咸鱼本咸深夜酱,片片说的这剧的槽点  确实证明了他没看全[doge]
傻甜菌-Soy,报道
弱雪冰三千,"哦豁，这哈安逸咯……
[笑哭][笑哭][笑哭]"
逆镰儿,哇 好狗血好猎奇我好喜欢
酒酒然,回来了  up果然神预言  高开低走了[大哭][大哭][大哭]还是免不了俗套的女二抢男人黑化 披着女尊皮的傻白甜
优由友幼,太棒啦 终于又有新的解说了
L丶lucia丶,这次解说的不好，缺点几乎全乱说的…
MiracleALeo,"今天一口气看了十集 哈哈剧 赵姐新剧
但怎么这回片片的解说有些细节不对 有很多都交代了的"
chan支,看见网上都是吹这部剧的，终于看到有从客观的角度看的up了，up说的几个槽点也是我看的bug，这部剧bug好多，看了真的观感不适，[捂脸]
定居鬼门关,抄袭韩剧
连远,逻辑不重要 重要的是够沙雕
飛行器の執行週期,那可太棒了，我早就不想努力等着女方提着几十万彩礼过来找我了
烧小豆,这里一个片片老粉，看瑞克和莫蒂粉的，平时每天等片片更新，我最近也超喜欢这个剧看到片片解说超兴奋的就电进来了，片片平时的解说都很有质量，但是这次好像是没有看完原剧吧，这部剧是有很多逻辑上的小毛病，但是片片有些bug真的找的有点牵强，而且不怎么仔细，希望片片下次解说沙雕小甜剧的时候能再认真一点谢谢，还是会继续支持片片的[doge][奋斗]
努力UP的大奔,以前大部分剧都是一个男主几个女人爱，现在改成一个女主多个男人爱，或者男主专爱女主。以前女主都是圣母现在改成女主有点搞笑有点小邪恶就行，内核还是玛丽苏。[妙啊]
第四质数,这部剧就不能太带脑子看想太多，当部沙雕剧就会看的很开心[doge]
茜茜的小包子,这个剧真的好看，特搞笑[奸笑]
你要天天开心就好了,片片你咋回事呀，是不是没看全，后面说的都是错的
梦三Messi,这现在的人都咋地了，你喜欢一个剧，别人说一点缺点都不行了？咋滴啊，你是个什么主角啊？
沐汐ll,好看好看，我一天看了12集
趣味夢想家,高产
小阿嘛小儿郎,怎么这么多人提日漫，这类文不是几年前就有了吗，这类文晋江上一搜一大把要多少有多少
甜柚ong,这个网剧我看着又好笑又气。好笑是因为台词剧情沙雕，男女主很可爱。气是因为陈芊芊知道剧情只想抱男主大腿不顾母亲和自己的国家（当然这有点苛刻了似乎），然后男主情绪变太快了，一会喜欢一会要杀了人家。结论：不可上纲上线，开心为主。
斯琴格日娜娜,“三公主千万不要因为我和少君吵架，婴婴受点委屈没什么的”[doge][doge]
neibol,看完了解说也没勾起兴趣，男主不够帅，女的挺漂亮，剧情挺沙雕
一个不愿透露姓名的美男子,emmmmmmn，个人是把这部剧当成甜宠沙雕剧看的，也没有太多要求，很多情节是不能深思，存在bug，但是真不是什么全部男的都爱女主，全部女的都恨女主啊，目前二姐还没黑化，就林七讨厌女主，男的也是就男主男二喜欢女主啊，虽然是个可以无脑看的甜剧，但还是希望片片解说的时候不要太粗糙吧，二倍速看也不至于讲错吧
我说好人,之前没有感觉弹幕有多少杠的，现在感觉好多，陈芊芊蛮好看的，套路也很正常啊，为什么就要刷转生恶呢，中国早多少啊
FOX1368,种花人就这智商，写出这样的剧本？？？？哈哈哈哈
Ashleee_,想问问这真的是女尊剧吗？就是真的像女尊小说的那种，完全女尊
脱贫进行中,大郡主叫陈沅沅[doge][doge][doge][doge]不是陈阮阮
橘_狐哩,下饭小甜剧，赵露思古装好惊艳阿
雨寒云烟,当沙雕剧看，别带脑子，很解压。
天七成之,perfect half
洒家是俺们村最帅,所以说是个无脑爆爽小白文，适合累了放松脑子的。
灵剑鸟,1000
BlBl资本便器,看这种女拳片也没什么，男的也有爱看男频的，但有些弹幕就在那高潮起来了，还有喷片片的我是想不到的，田园牡枸，太厉害了
橘橘橘橘橘汽水,这个真的好看！！！！！！！！！
Sherlock来了,为什么现在的女编剧都是很年轻的女生呀？完美关系也是
霜降二月花,为什么弹幕都刷乙女那部动漫？B站是动画动漫居多，不看小说的人也居多，但是讲实在的乙女向，龙傲天向的这种小说10年前就写烂了好嘛，女主穿越成心机女二的，重生再来的小说多的是
BlBl资本便器,为什么有些弹幕喜欢打拳？田园女⭕️？
清河良渡,这种剧存在就是中国文化的悲哀，就破产姐妹的后几季都比这个强。中国就会拍这种东西吗？只要是近几年拍的这种网络剧，看的人，脑子都多多少少有毛病。这都什么垃圾东西？就是因为现在的女人爱看这种网络无脑剧才让现在的电视剧那么低俗，没有深度。还是那句话，要是中国现代能拍出比得上西部世界的电视剧，就不至于还是发展中国家了。
flushcc,女👊🏻最爱！！！笑死我了
陈世美的后代,好的片片，我马上去看[妙啊]
進擊のCristal,这剧看着贼上瘾 但是看到女主因为男主替她作弊之后当上少城主  楚楚往黑化发展这里看着是真的难受  而且考试前女主还跑去跟楚楚说我站你 你一定可以的  然后自己考试全程睡觉最后画个画交卷还当上了  这对楚楚来说是多大的讽刺……[囧]我感觉这里就很虐啊……为啥非要二姐黑化 二姐挺好一人挺努力的光被坑
络心秋,片片写的文案？
周盉,[热词系列_知识增加]
醉酒飙船塔萨达,这就是一个搞笑剧，不用太认真去思考bug，开心就好了
uni_无令的凌,这剧是真的香，姐妹们快看看！男主是那种越看越好看的！我要溺死在他的眼神里了！！！
是舒小克呀,片片这期真的挺敷衍的感觉，这部剧我是被另一个up安利的当天十集就全刷完了，等更的时候又刷了好几遍，你说的那些问题剧中都有完整的逻辑线的，别的很多问题我看都有人指出来了，我很喜欢你的视频，但如果我是没看过剧的人听了你的解说我并不会有想去看的欲望，但另外一个up解说这部剧，让我想立刻就去找这部剧看，不是踩一捧一，但这次视频做的真的不太好。
Y若非,超级推荐[惊喜]尬的很上头，根本停不下来
月殇兮璃,刚看了第18集预告开虐了[大哭][大哭][大哭]
mazu0605,up没看完……他说的那个缺点，剧里都有解释的。取关了。
嘴角丶呐抹倔强的微笑,笑死我了[doge]
烂秋葵,你不陪嫂子，居然日更，狗子你有问题[doge]
玉树临风俊杰,封面以为是永赖唯
残刀-,Nc
十三师傅,我是被你们给刷的个老想看[OK]
草莓可可控,这一看就是没仔细看剧
小青龙艳彩,看了一部转生恶役真当是鼻祖啦？网文写烂了的玩意，还以为是鬼子原创的？稀罕
前世情人周结论,建议解说幸福，触手可及
Bili_480643375,气抖冷，何时站，原是剧，那没事[doge]
是舒小克呀,这个真的搞笑
艾伦叶卡大帝,片片说一下星际穿越呗
貌似是某个GOI,死神来了五。。。。。
王银顺德,你说的槽点剧里都是有解释的 个人建议作为解说up虽然这个应该是娱乐一下随口解说 但是还是要严谨一点比较好
天际省乌木总经销,杰克苏，玛丽苏剧本性转而已
咿呀阿花,这个好好看！
人家就是虚胖啦,赵露思红色装束这个扮相好好看啊
中麻山药,封面猛一看好像仙剑奇侠传里的刘诗诗啊[喜极而泣]
磨叽蛋蛋的蛋蛋珂,片片你说实话！！！你是不是玩过橙光！！！！！！！[doge]
呐-Darling,转生成为了只有乙女游戏破灭Flag的邪恶大小姐[doge][doge][doge]
青睐静,HHHHHHHHHH
今儿的风甚是喧嚣_,这女尊就是个皮 女主虽然沙雕但台词软的一批
诗诗家的渣宝宝,只要咱点燃狼烟，到时候别说一个三公主，连裴恒都是你的[热词系列_知识增加]
青睐静,不是。。。。一个下饭视频  你那么认真干嘛
大火烧了毛毛虫丶,这剧你没看仔细。
网文作家辰东,听这口吻，潇湘书院的吧
麦田1816,说不是恰很难，真火只能说明符合中国女性市场，如霸道总裁，不晓得是审查的缘故，还是创作力的问题，现在电视太多快餐了，搞的我都只看影视UP主的更新都可以了。
橘子是只猫呀,果然还是老套路
勿相忘秀姑娘,我一般不怎么看剧，但这部确实可以下饭时看看，前几集确实挺好笑的，男女主相处特别有趣。但是后面几集就开始不行了，不能带脑子看，深究就会发现女主一些做法特别不讨喜，做事前不顾及亲人的感受，经常自作主张，但是又不够聪明。反观女二是真的惨，勤奋努力又上进，结果娘偏心偏到每边，原本应该属于自己的夫君也被抢了，保护了十几年的妹妹不心疼自己就算了还处处坏自己的事。
梓里旧柏,恕我直言，真没女频女尊小说严谨硬核爽。我男的
柒柒居Winky,我觉得男主好帅好可爱www
hzjsea,露丝露丝~
厨师迷途,https://www.965ys.net/play/213746-0-0.html
三之日-,开头女主造型好好看啊 心动了
linlinlin8877,光这个女尊的设定就爽到我了。换位思考一下，原来几千年来中国男人过得这么爽……[酸了]
谁不爱江停呢,怪上头的
龙龙不开心,我现在一个问题，为什么所有的男人女人不跑到对面的国家。
废物点心早干嘛去了,哈哈哈哈果然来了
乏味的猫咪,给片片推荐《365.逆转命运的一年》，好看的剧，悬疑杀人剧，可以说是韩版轮到你了，希望片片解说。
准备秃头的老女孩,这剧不能带脑子看，头会笑掉，不说了去找头了
莱茵拳皇,好笑是真的好笑，看沙雕剧别想那么多
正版兰夕,"啊啊啊啊啊这部沙雕剧真的好看！！！很特别的好看，一天十集，真的上头[doge]
剧情每到有误会的时候，误会马上就能解开，马上就能解开！！！看的很爽！
虽然整体是晋江女尊文的套路，但是有些剧情真的不套路，本以为是贯穿全剧可能苟到大结局的龙骨，结果第五集就给炖了。
再加上各种沙雕台词，各种梗，强推！"
思念先生,这种傻逼剧就别出视频了。拉低水准啊。[热词系列_锤]
所谓的宝贵,这部不用带脑子看还是勉强可以的，另外一提守宫砂制作方式真的很缺德，壁虎（又名守宫）的血液研磨而出的，用瓦罐一类的东西把壁虎养起来，天天喂给它丹砂，大概吃到七斤丹砂的时候，就把它捣烂，用来点在女人的肢体上，殷红一点，那时候而言只要没有发生性关系就终身不灭，一有性生活立即消失得无影无踪。但只能用在未结婚的女子身上（并且检验贞洁并不准确。
一分钱纸币,万人血书死神来了5
小梦的绝对领域,我觉得说的挺对的啊，女尊男卑这设定确实就像套了件外套而已，内里还是传统古偶沙雕剧。女主点守宫砂恰恰证明了这个，女主不是处估计很多人受不了吧。所以特意用这个表明女主是处。明明编剧给三公主的设定就是不学无术又放荡的恶毒女配，结果女主穿过去之后，她又成处女了，后面也没有解释她为什么整天去妓院还是处，反正现在剧情需要她是她就是了。就感觉这剧本不是她一个人写的一样，很多人物的身份，剧情，她这个编剧都不知道。故事发展需要她知道的她就能知道，不需要她知道的她就啥都不懂。其他配角就不说了，二公主这个女主角的真实身份，编剧女主怎么感觉她不知道啊
小镇的镇上吃面,我看了几集 磕不动男主颜 还有一几个不讨喜的配角[笑哭]
NatalieAnicy,哈哈哈哈  我昨天看到一本这种类型的小说。直男表示看得上头
付拉迪沃斯托克,浴血黑帮什么时候更
现世蛊王,只看过转生恶役不是你的错，但是在这里ky就是你的问题。还日漫渗透中国网剧了吗？我倒要还要问问中国网文渗透日漫了吗？
波仔冲冲冲,"‭‭ 
‭‭‭ 
‭‭‭‭‭ 
‭‭‭ 
‭‭‭"
挖个大坑给你跳,为什么一说这部剧就要被说恰饭啊[微笑]这个剧真的很搞笑啊！我觉得这种剧真的就是老乙女文了[微笑]很搞笑啊！甜宠剧就不能解说了么[微笑]我四处安利，太上头了[微笑]非常下饭[OK][OK][OK]
冰b女巫,惹
CCbiubiubi,人设让我想起了  黑 兽[妙啊]
现世蛊王,我终于知道低龄化的具体表现是什么了。
影山優佳,说抄袭的笑死我了，晋江穿越女配的GL文我从17年就开始看了，更别说BG的了，转生恶役活了就觉得这剧抄袭，只不过是咱们一直没拍这种剧而已。[疼]
妖鹿媛女,这剧是真的上头，一口气十集
R君今天不画,我印象最深的就是“多吃洋葱能生女儿，你就不用受你的恶公公的气了”好好笑啊
笑看风起雲涌,国产腐女意淫
我是谁呀啊哈呀,正在看！
我是谁呀啊哈呀,看了！
W_Christmas,那么问题来了，什么时候更死神来了5呢？[抠鼻]
KC呜喵,看了半集~停下来就没继续看了~
半夏_白加黑,这剧看着确实很上头[笑哭]背景设定挺有意思，虽然是小说常见的套路，但是放到荧屏上倒是新鲜[喜极而泣]，演员演技在线、剧情吸引人，让人想追下去。男主自我攻略，女主撩人而不自知，太可乐，希望不要烂尾[微笑]
血池哀歌,日式恶役转生渗透中国网剧了吗
姜程子丶,啊啊啊啊啊啊我请求片片解说的，片片还回我了，一键三连安排上
不吃腐竹当腐竹,看了第一集，喝毒酒那里笑死我了。搞笑还是很足的，设定还挺新颖，也不尴尬。就是女主原音，男主配音，有点分割的感觉。剧荒可以打发看看
音十的自信,拳法警告
陌下柳新,哈哈哈哈哈啊哈哈哈哈哈哈哈哈哈哈哈哈这剧真的逗哈哈哈哈哈哈哈哈哈哈笑死了卧槽哈哈哈哈
躁动的鲁鲁,看到九分钟，下意识以为恰饭了
半仙本仙彡,这个剧就当个下饭沙雕剧去看就好，千万不能较真，我看的时候男主和男二的感情转变突兀的让我满脸黑人问号，但是搞笑是真搞笑
四九城老二哈,又是“逆后宫”可以的话我想看“正后宫”，现在电视上能播的“正后宫”应该只有《鹿鼎记》吧？[抠鼻][抠鼻][抠鼻]
一个一直一,上一次这么傻吊的剧还是太子妃啊，如今这部剧，一看开头我就知道了，求生欲极强。[OK]但是男主怎么看都觉得不够棒啊，太子妃角色就都很好。可能是设定太傻了，后面剧情也落俗套了，接受不来啊。但是女主红衣服真好看。当然，太子妃更好看，四美妃好听。
竹鼠免疫中暑蛋白,"编剧编了一个编剧穿越进编剧编的剧里的剧？
禁 止 套 娃[doge]"
81510655522_bili,片片，除了电影评价敢看，不敢看你的电视剧，老挖坑，不能老为了那个流量多就弄哪个啊，坑填上吧，看你那么久了
l温l,哇！
正是吾王,想看更多作为女配的戏码
一键三连领取好运,好矛盾啊，前面还说自己死了就能回去，后面又说死了回不去
闪亮的小笼包,"片片这次真没认真看，我为小甜剧不服。说实话这部剧是沙雕甜宠剧里面逻辑自恰做的很好的了。

男一是自我攻略(误会了很多女主为了保命抱大腿的操作)，男二是因为女主跟他认真道歉了性格有改变，男三是跟大郡主的。目前没看出来哪里感情处理有问题。

女配一个是因为母亲偏心，一个是因为自己打不过而恨，但是这两也没有做过分的事。 大郡主目测是因为女主以前害她摔断腿且从来不关心，但是现在也被女主道歉打动了。  Yysy，这里面人设还真挺可爱的，没有特别坏的那种"
白居易安,这部剧怎么说呢，就是个下饭剧，女主人设崩的那么厉害都没人发现，女主如有神助，一闯祸必有反转，男主明明入赘势力还是那么大，也没人监视他，男配立场太不坚定了吧，就因为女主道了歉就瞬间改观。但是剧情紧凑，十集女主女配反目，男主自我攻略，挺可乐的（非黑非杠，别骂我，我骂不过你）
轻轻一丶,为啥有种在看真人国产版flag女配的感觉
灵昊,道理我都懂，就是女子的守宫砂应该对应男子的守···守啥玩意咩？
清纯大大大大,[doge]爱情戏有点尴尬 好看是蛮好看的
现世蛊王,"为什么不希望在这里刷转生恶役，是因为这个是很不礼貌的行为，没有人希望自己的作品被说像谁，即使是一本很套路的作品，这种类型很早就有了，比转生恶役要早很多，真要说像也该是像那些女频套路文的框架而不是转生恶役的框架。这是十分不礼貌的行为，说难听点就是ky。
没看过这种套路文不是你的问题，但是刷像不像就是你的问题。刷两个作品像本身就有抄袭的意味在里面。
我最近看见这种盲目反抄袭就已经很头大了，即使你没有说抄袭两个字，当你说出这个作品像具体某个作品而不是某些套路的时候，本身就逃不开借鉴，抄袭的潜意识了。
而且即使这不是一个大众向的套路，也不应该刷无关作品不是吗？"
清水似漂流,初中看过一本超级好看的穿越女尊小说《十年华衣》 不是小白文 文笔设定很好 人物性格鲜明 女主男主算是强强 最心疼男二小九
zhuzn-,两小时，还知乎
独自yy中,这不是《转生成为了只有乙女游戏破灭Flag的邪恶大小姐》的剧情么？[笑哭]
鲸落xy,女权追求的是平权，而不是特权[思考]
小片片说大片,这期不是恰饭，你们嫂子在看，我就陪着看了几集，确实看的不够仔细，后面有说错的地方，大家多包涵，这剧确实还挺有趣的，喜欢的建议直接去看原剧
现役神仙教母,看完解说＝追完了，不错子
宁宁seven,这剧真是有点儿意思[笑哭][笑哭]
GRI龙拖李,火速去看
野生女神经,我昨天熬夜看到三点 终于把十集看完了[doge]越往后看确实有点看破套路的感觉，我还挺喜欢原主陈芊芊的（一袭红衣那个 美美美）
月老用我红线织秋裤,这边up有几个点都没讲清，芊芊对吃的那段，其实不算对诗，主要是押韵脚。对头林七非要和女主打赌，女主为了维持原来剧本中的人设：不学无术，才这么对的。
不说不说我就不说,这部剧真的好看且上头，强推啊！！！！
月过三秋,好笑就行 跟着设定走 别想那么多
MerlinCyr,两座城相互存在就不存在两个相反的制度，生物都会趋吉避凶
肉汤泡花卷儿,"虽然我胖，我也怕疼啊！
【呐喊】我就是个胖废物！"
小心吸你阳气,好喜欢绿茶diao  现实中要真存在绿茶diao就好了  不对现实中的绿茶diao不就是中央空调吗[热词系列_你细品]
kins聿白,我觉得解说的挺好，这剧确实优缺点都很明显，接受了设定会很喜欢，不过更逻辑一点就更喜欢了，毕竟我老晋江了，套路都看惯了。
女侠横剑落,给你钱你不要，现在被非法取缔了吧[笑哭]
让我滚去准备考研,片片还是少说集数多的电视剧，多说电影吧，毕竟电视剧集数太多或者没看全容易说错[doge]
所谓的宝贵,刚刚结婚就解说这种剧情[OK]可见片片家里地位
刘沐子lmz,讲错了好多啊...片片看别的片能讲出那么多厉害的分析和鉴赏为什么这样的没什么太多转弯的小甜剧却出了那么多错呢，还是没认真看吧
神-舞,我觉得对于沙雕番和沙雕剧片片的影评是最中肯的，看沙雕番就是图一乐打发时间，有些up作漫评影评就是b站婆罗门，直接就开始骂看沙雕剧的观众智商有问题。
筱筱筱筱筱鸽梓,这剧贼上头[doge]
MG莉莉,女主第一集红衣造型，真的！美惨了！
彰珈呓,哈哈哈哈哈哈这个剧真的好搞笑
对沵永生不忘,看过一部小说炮灰之逆袭女配，那个炮灰是真的炮灰没有女主光环
门牙待更新,其实这剧小优点有很多，就是主线比较套路，看到女主为了让姐姐复健去比武那一段还给我看哭了，前十集唯一哭点就是这一段了
不中次奖不改名字,那一刻，我朋友说他瞬间明白女生看见绿茶时内心的神兽奔腾了
Copyxxx,[OK]过于沙雕，告辞
条颜条语,在哪里看呀？有点种草了！
海纸啊,哇，关注才一个月怎么感觉粉丝变多了好多，没太注意之前有多少就感觉变多了
两只猫咪在睡觉,你讲了这个！！！！
fxr26,片片，看的时候好歹把人名打对，我一直觉得你的视频质量极高，今天这期好多你认为的不足剧情都有解释，这样会误导一些人先入为主的[大理寺日志_雷到]
我是怪异君,我安逸了
bili37797496300,女尊男卑沙雕剧，如果是男生就算能被沙雕吸引，也难免会被里面的地位感到不适吧
金木水壶壶,你币有了
孤独的数字7,"女尊我推荐一个漫画，《女帝的后宫》超好看(｡･ω･｡)ﾉ♡。
女主也是三公主，是女总裁穿越的，里面就是男人有守宫砂，那个女尊男卑的世界系统很完善，女主也一点都不恋爱脑，非常有主见，甚至主线剧情是争皇位，画风还好看，强烈推荐[热词系列_吹爆]"
刺卿卿,这还能叫恰饭？你看啥不叫恰饭？
养了一只gou,又是恰饭投稿……………………
白秋晨不会打游戏,小意温柔~
柯基二十二号,那个跟陈芊芊作对的女配恨陈芊芊不止是因为裴恒喜欢陈芊芊，还因为她和陈楚楚好，她觉得陈芊芊不学无术，但是前期陈楚楚又很疼爱芊芊，女配说芊芊不好楚楚还帮着芊芊说话，不是说因为女主遭人恨是男人都爱我，也有她是城主最小最疼爱的女儿，她在城里嚣张跋扈还让所有人叫她三公主，可能这种剧男性不会很爱看，但是作为解说的话还是希望片片能看的更仔细一点[笑哭]
彼岸炽红莲,唉突然想看了。
19237599748_bili,每天那么低产
我是一只小年,我寻思着给老公戴绿帽不就是在给男人送炮吗？？？
青松白桦,就是披着女主光环的所谓女配
高高的树上看星星,[热词系列_爱了爱了]
宅2男,这个剧千万别带脑子看，乐呵乐呵就完事了，细想就是和自己过不去，看完前几集如果受不了果断弃。
Kim_8,可能是年纪大了，看了几集，没啥感觉，现在对甜宠剧无感
布衣呀菜多放辣椒,老家花垣[doge]
尧不尽,还行吧，其实我觉得晋江的很多小说都是这种套路
Aslan爱南瓜,超好看！
真白雨,片片应该没有认真看剧吧，你说的很多bug其实剧里都有解释的，比如守宫砂，男主在新婚之夜也被要求点守宫砂，而且还要学习男德233333333
Tennesseewhisky,我看这剧就是为了看这里面女演员的
Aslan爱南瓜,终于来啦
什么西皮都能吃,写稿小弟是谁，bug都不是bug，剧中有解释。答应我，辞了他，选我吧，我跟得上2倍速看剧[doge]
Raine-l,这个up主不用睡觉的吗？？你这快日更了
同志来口大伊万,没有恰饭，白嫖了[微笑]
向子声,双厨狂喜[打call]
是付飞飞啊,强力推荐，超级下饭！
-三更何求梅子酒-,真的太上头了！！！呜呜呜呜呜呜丁禹兮那个小眼神太戳人了！又是骗我去谈恋爱的一天呜呜呜呜呜（我们国产古装沙雕轻喜剧真的是个很棒的题材！还有之前的宋大志，真的，别再拍尴尬玛丽苏了，沙雕轻喜剧它不香吗
hahshakl,球球大家真的看看原版吧，真的下饭笑到头掉[笑哭]
贺月生,我不喜欢这个剧，感觉赵露思演的剧，大多数都是这样的，很甜很沙雕，但是就是所有男人都爱她，所有女人都讨厌她，我就真的受不了这太玛丽苏了。
品烟火清凉,死神来了5[doge]
姨娘娘卡,老丁头赢了？！！！[热词系列_知识增加]
莳玖永远爱啵酱,虽然大片不是你的，但是小片片是我的啊[doge]
卖火箭的星星,这个在小说这么常见的套路，怎么拍成电视剧就这么多人舔
卜比啵,芊芊身边那个小厮说话有沈腾内味儿了[doge]
风起在你的四月,我超喜欢这部剧，上头哈哈哈哈
正义的悲鸣,这应该是女性向的片子，感觉还是那种套路
佳爷带刀不能飘,你家守宫砂是日抛的啊[tv_斜眼笑]
oO随波猪流Oo,新电脑就是好用哈[doge]
kunnao,如果真是这样，那女国能打得过男国吗？感觉分分钟被灭。
Ghostbai,天哪，我最喜欢的up讲了我最喜欢的剧哈哈哈哈哈哈哈哈哈
蕾梅黛丝丽贝卡,这部剧还是女的生孩子啊[喜极而泣]哪来的男人生育机器这一说[妙啊]
blooooow,种草了种草了
暴走的你爹,女人不会来月事么？打仗到时候万一来了怎么办
我是英俊啊zz,个人认为，目前看到了第十集，女主还是把这当成了她所创造出来的剧本。她保男主救男主刷他好感是为了让自己活下去，因为她觉得只有剧情走到大结局她才能回到真实的世界，所以男主不能死太早。并且知道男主是大boss，一开始男主各种想杀她，所以她只能对男主好让自己不死。她现在还没发现自己喜欢男主，还在撮合男主和陈楚楚（剧本女主），也是想要剧本走到她写的大结局。（到目前为止）她最终的目的都是让自己回到现实世界而已。
kwsspx,“”你这个废物”古代人终于知道生男生女是老公决定的啦[喜极而泣]
莲水1234,"晋江虽然有众多男女逆转网文，但实现影视化的少之又少，逆转正剧更是没有！而日本早就有讲男女逆转的电视剧、电影了！根据吉永史漫画《大奥》改编的电视剧《大奥 诞生》、电影《大奥  永远》、《大奥 女将军与她的后宫三千美男》，将历史上幕府男将军与大奥美女转换成女将军和大奥美男，剧情、演员、服化道、BGM都是正剧范。放个众将军出场片段感受一下BV1Kb411q74c
国内什么时候也能拍一部像样的男女逆转后宫正剧！绝对爆！

PS.男女逆转《大奥》更推荐看漫画，毕竟更详细，还有不能上映的情节。"
佳人笑靥如花,恶毒女配逆风翻盘？怎么觉得和最近某部新番里的猴子一样[doge][doge][doge]
你的头号黑粉,转生成为了只有破除.....不好意思走错了
蘑菇车开蘑菇人,片片怎么好几个地方都说错了，是跳着看的剧吗
不问几许,火了真的火了！
有点小可爱yu,的确下饭局，不要带脑子看就能get到笑点
Magiclgw,热乎的
现世蛊王,某日漫粉能别ky了吗？真的很冒犯啊[疑惑]转生即不如晋江女频传女配来得早，其他内容也和这个电视剧没有关系。其他有类似剧情的全都没有在刷，只有这部日漫，满世界像像像。[疑惑]
不辞洛,这部剧还挺好看的
快乐的小熊软糖ovo,only一个沙雕甜剧 不必上纲上线
白川渚桜,这是大概讲到第几集的剧情了，我想接着后面补[妙啊]。
居一龙今天爱我了吗,片片是不是跳着看的，后面的问题剧里全部有解释呀！ 就离谱
天穹守望者无敌子,这怎么这么卡呢，其他视频都没问题(=・ω・=)
我乃一颗大果子,我赌两个硬币，解说这部剧是嫂子推荐的[doge]
本本麻麻爱你,这。。。后面几个不算缺点啊
全网第一黄冠亨女友粉,晋江常见常见，我也看晋江但是没人拍啊，这是原创剧本，电视剧和小说一样吗，要不陈芊芊能火吗，感谢up主解说陈芊芊，来自剧粉的感谢
十分崩溃,这部剧太好笑，把男女互换让人感受性别不平等，编剧和演员都妙翻了！
侯小气,我家住在花垣县，感觉很慌[笑][笑]
bili_70840237389,片片肯定没看这剧，或者是快进看的吧
zlitxy,原来女人喜欢这种“男人”，看来我是没戏了
姜师傅不huo奶茶,真的很上头了这剧，熬夜刷完了十集，被男主可耐死了
啪上火爆老番茄,应该是恰饭了对吧[妙啊]
似晚不挽,最近片片为啥高产成这样了[思考]
ruaruaa-,真滴好好看我上瘾了
我妻灰二,看这剧也就图一乐，本质上还是大男主剧[doge](狗头保命)
全网第一黄冠亨女友粉,上头，强推大家去看它
核苷酸好多圈,你也太肝了
Markphy,转生成为了只有乙女游戏破灭Flag的邪恶三小姐 [吃瓜]
抽奖老分母人,最近看了好多人安利
Kaubi凯哔,死神来了呢？？？
佐条利人,我吃饭跟抽签儿似的[doge]
甜酒镇烊村,终于见到古装电视剧里吃巧克力豆嚼一嚼了
bili_70840237389,今晚更新，[鼓掌]
一个年轻的老绅士,这种剧只能看解说，自己看很没意思，解说就很欢乐了
彼岸花盛开在夏,封面好好看 想求一个封面[doge]
三十度的沸水,我在想这个跟新番恶意大小姐不是一个背景吗？
现世蛊王,u1s1说像转生恶役真的非常不礼貌，你要说这是女频以前玩烂的套路就算了，女频都已经快不屑于玩的套路搁在某些人口中就像日漫呗？真万物起源[疑惑]
小澜孩mmo,自我攻略第二人（第一是严峫[doge]）
楼上喵只顾吃不理我,片片提的这几个缺点我❓
Dddlike_,希望片片解说香蜜！
葵子汐汐,刚看完，哈哈，上头
金泰亨请你用力,死神来了第五部呢
金泰亨请你用力,咦。
这世界的平均,不许你说这部剧不好，我可是连刷到凌晨五点半！！！
Von_Nikolaus,不管晋江还是起点女频 这套路都出现了很多年了啊 还是网文圈子太小了[捂眼]
咸鱼本咸深夜酱,"我熬夜看啊！！真的好看！
一天不看就抓心挠肝[妙啊][doge]"
一枚奇趣蛋,好看！今晚更新！
YMCY,这部剧蛮有意思的，前面几集笑点比较集中，全程哈哈哈，忍不住开会员看了后面几集，太欢乐了，是一部不用动脑子看的反套路剧
bili_104487169,这能看下去？
来给up撒币了,"您好，您的霉运已清理99%，请点左下角清理最后1%
━━━━━━━━━━━
▉▉▉▉▉▉▉▉▉▉▉ 99%[doge]"
栖迟缓归本人,我看了
日暮途远故倒行逆施,死神不见了吗
米鸽榛子,全剧最高笑点：她还对我，小意温柔～哈哈哈哈哈哈哈哈
不良男子,猛男撒娇
helloLateNight,有个宋小宝换脸版...再看这视频，自动脑补成宋小宝[笑哭]
不觉灬丿,死神来了可比这个甜多了[doge][doge][doge]
凸起大魔王,讲道理。这剧情像最近流行我穿越到异世界当恶役公主的漫画
丿南街浊酒,up主云了？读别人的稿子？
hehehehehe歌,气冷抖，南拳出击。
hehehehehe歌,南拳出击。(ﾉ ○ Д ○)ﾉ
現實逃避森,开心片片说了我最近在看的这部戏，这剧就是走搞笑甜宠风，因为是穿书还特别有想看的小说被拍成剧的那味儿。的确有很多小bug，不过大家看个开心就完事。但是片片后面吐槽的有几个bug说实话有点不合理，比如说男主因为心疾活不过二十岁但为什么能够屠城呢？因为在原剧本里他和原女主相爱然后骗取了龙骨活了下来才屠城的
262舒克,高产似那个啥[doge]注意身体，别肝太猛~
O_Ql,悄悄推荐被剧名耽误―我的刺猬女孩被
呆瓜小黎,老子追了！[奋斗]
海都雾语,第四爱
是七司不配,后面吐槽有很多都是错的……片片是不是最为直男没有太理解这部剧啊（手动狗头
阳光她静悄悄,片片，死神系列是不该完结了[doge]
热心群众老纪,[吃瓜]穿越成恶毒女配，这不是B站这个4月新番就有的操作吗。突然扎堆出现也是有缘分啊，改天看看[吃瓜]
真实iya,怎么一结婚你就变了
外国一小哥,[热词系列_爱了爱了]
西红柿爱西四,母猪都没你这么能产[doge]
赵小明同学仔,请务必冲我来
弦上的舞_93,我才不要和你做朋友呢 也超好看
我TM朵惺惺猩,今天没小白了，爷清洁[doge]
兔叽星球o,你家守宫砂是日抛的啊[doge]
Cherrycycycy,一个在演社畜生存剧，一个在演恋爱偶像剧[doge]
玉清源氏,想起觉哥去的那个什么花城了
貓娘娘参上,哈哈哈，片片也没能逃过啊
兔叽星球o,这种搞笑甜宠剧大家不带脑子去看就好，笑就完了[tv_目瞪口呆]
甜酒我可,"&#34;俗话说得好，强扭的瓜不甜&#34;
&#34;甜不甜的啃一口不就知道了，用得着你说?&#34;
&#34;这会儿点什么守宫砂呀？这会儿点了，洞了房之后还能剩下什么啊，你家守宫砂日抛的呀？&#34;
&#34;少君，你想开一点嘛，这孩子虽然不是你的，可媳妇是你的呀&#34;
露丝演的女主脑回路都很清奇哈哈哈"
菜菜名正言顺的对象,啊又更了这个？
脑浆炸裂的鱼,都没让男人生孩子算哪门子的女尊[嫌弃]
大海啊你都是盐,[妙啊]b漫有个漫画《女帝的后宫》也是女尊男卑的设定，带感带感
吾王的恶灵,合着某些人 看东西 不带脑子 还指责带脑子看的人
抹茶奶绿多加冰,其实剧里的bug可以用一个设定全部解释。编剧陈小芊就是个七流编剧，所以一开场就被演员吐槽剧本设定不符合逻辑
_我是太上皇,蹲死神来了5[doge]
里脊肉饼饼哈哈,我觉得赵露思演的沙雕剧都挺搞笑的[笑哭]
我琦美如画,能做一期 英国黑帮吗
月明子木,这种穿书甚至穿自己写的书，晋江之类女频网站早玩烂了类似起点玄幻爽文一样，别说什么和某某一样，只是可能最近才出圈被大众知道，所以别一直刷了，看就完事了。[笑哭][笑哭]
yayakong,看标题，还以为在产床上痛苦挣扎，难产肠穿肚烂的性别是男性呢。没有子宫的群体硬偷“生育”功能[偷笑]
世语_十阡,男主是谁演的呀？
杭粥大米,转身成为了只有收男后宫才能破灭FLAG的邪恶三公主[doge]
bili_55808108840,事实就是这样的，女人就是这样一个角色
人之初性本浪,片片高产日更，👴❤️了
小鸟不打伞,为啥我看的有点点生气，感觉陈芊芊做的有事情太不考虑她妈妈还有她姐姐了
樱桃味食用油,无掐饭 爷青结
黑糖梵蒂乾,"感觉这期略敷衍……
先不说把大公主的名字打错念错，人家叫陈沅沅行吧……
然后剧情线解说的略乱，全程基本放片段节选
其次，裴恒能当老师是因为他去世的妈很厉害，这个是破例，是意外，是特许，剧里面也有解释，城主旁边的那个大臣桑奇，其实就是个小厮定位，每个郡主身边都有这么一个安排
然后男主的心疾，先没说是先天性心脏病，我不懂不知道怎么断定，但是这个是能被龙骨治好的，杀了林七是在原来的剧情线里面的，也没有提到是病好前还是好之后杀得，目前片片的说法有点引导是病好之前杀得，感觉不太严谨
最后那个花美男，娘娘的那个【实在不好意思记不得名字了】，感情线不是跟女主，而是跟大公主陈沅沅，目前的片段只是因为原来的陈芊芊经常去教坊司看他听他弹琴，类似于青楼里面头牌跟客户
这个片子确实有很多逻辑上说不通的地方，但是片片这里讲的感觉略微有些偏差，希望还是好好看了改一改吧……
以及，传闻里的陈芊芊入股不亏！编剧亲自认证虐不过两集，适合不带脑子看，纯沙雕甜宠剧，强力推荐！！！"
毕竟六个币,啊啊啊啊啊啊啊我的最爱!
每晚都让牙疼疼醒,你家守宫砂日抛的呀[OK]
巴啦啦小魔仙王二狗,没仔细看剧吧……我看了剪辑有些不对啊
果月鸣,突然想拿来下饭！
月下刺猹的少女,我听说后面会虐就有点不敢看了 淦！
清风朗月笑红尘,设定真的挺不错，可惜被写成了无脑玛丽苏傻白甜，崩了，本来可以更有深度的，唉。要是芊芊搞甜宠，楚楚成城主搞女尊，多好。
猕猴桃真好吃i,今天刚追完你就出解说了[呆]这剧真的好看，还有一部亲爱的义岐君也好看[尴尬]
那次季候风吹得那样空,八百年不追剧的我，偶然在抖音刷到了，真的超甜！超沙雕！俺可喜欢哩！！
star雨,甜宠沙雕还有点无脑，我反正看得挺爽哈哈哈
贤愚非鱼,这部剧属实把我雷到了，不推荐大家看，如果硬要看的话，建议别带脑子，丢掉常识，当个乐子就好
水蓝lanie,你家少主连生孩子都帮不上忙，就不要挑三拣四了[偷笑]
宇智波冷冰心,超级喜欢传闻中的陈芊芊，超级喜欢女主角赵露思么么哒
bili_62958822548,片片你都开始将网剧了[doge]，还不赶紧了解一下一人之下[doge]
小秦Qin要努力,我觉得很好看，很搞笑
贤愚非鱼,终于等到了，这不沙雕脑残剧的吐槽！
贼会嘤嘤嘤的嘤嘤怪,跟我看过的一个漫画设定好像哦，忘了叫啥名了，只不过女主不是穿越的而已
兔叽星球o,搞笑是真的搞笑，沙雕也是真的沙雕
nanaaaai,没必要太带脑子看，快乐就行了，剧里所有的线其实挺合理的，别想的太深度了
Eavan大兄dei,up主看剧不仔细啊 裴恒是因为母亲的缘故才能成为当官的[思考]
兔叽星球o,哈哈哈哈哈哈哈哈哈哈哈哈哈真的入坑不亏！！！我已经很久没有不开倍速看国产剧了！！！强烈推荐！
鲸鱼的小虎牙,赵露思好绝啊[打call]
TSG世界,[热词系列_爱了爱了]
乙丙丙号观察员,[热词系列_爱了爱了][热词系列_爱了爱了][热词系列_爱了爱了]
允浩萌萌哒,一个晚上补了十集，就是特搞笑的沙雕甜剧，要真纠漏洞肯定有很多，但是不较真看个乐完全ok。
我洗头了,其实苏沐那一挂的挺戳我的，温柔耐心注意细节，而且暂时没发现什么做作的隐藏人设，就算有，白切黑也很带感啊
兔叽星球o,绿箭真的笑死我了
38206517333_bili,看的乐开花，好欢乐
兔叽星球o,刚开始觉得男主一般般，看着看着就真香了[doge]！男主真帅！
足下妖舟,[喜欢][哦呼][点赞][抠鼻]
偶素小胖纸,死神来了呢
零碎记忆007,太磕了，出不来了[doge]
兔叽星球o,"欢迎大家观看
《香蕉的恋爱记》
《橙子的保命记》
《苹果的事业记》"
白帝-边境狮子,有病和战斗力强不冲突啊[doge]，你看橘右京打人归打人，打完了吐血[doge]
你真的太过分了,这引起了好久不看电视剧的我的注意[doge]
霜汐暮雨,"动漫版的有《转生成只有破灭flag的乙女游戏反派》
真小说有《转生成潘金莲该怎么破》"
十八岁的世贤哥哥,哈哈哈哈哈哈哈哈哈哈哈哈哈哈哈哈哈哈哈哈哈哈哈哈哈哈哈哈哈哈哈哈哈哈哈哈
Chole小唐菜,史上第一个靠想象自我攻略的男人[妙啊]
红烧肉炒饭,"裴恒能教官学是因为他母亲是前司军，家里是名门望族，本人从小就是小天才，还是受宠三公主的未婚夫。就算是这样，在剧里教学的时候还是被歧视了。
        城主旁边受宠的“大臣”是男的，因为这个“大臣”关系有点暧昧，或者说，可以理解为男尊皇帝旁边受宠的女官。
        守宫砂没办法洗，只能当做是个不太聪明的剧情推动工具。而且，男主是男尊城的少城主，新婚之夜也被强迫点了守宫砂。
        男主的心脏病在16岁发现，当时就已经习武多年，所以剧中一打架他就半路歇菜娇娇弱弱。二郡主的侍卫林七被秒杀是在他得到龙骨治好病之后。
        片片最近的解说错误有点太多了，希望能改进。"
好吃的南瓜饼呀,少君杀林七那里是原剧本里心疾治好攻城里的
三叶草__bling,这不就是那个轻轻碰一下手肘都能痛得不能动的女演员吗
了犹_豫了一下,入坑不亏
bbnmko,看到片片的这个视频，瞬间心疼起另一个小up[笑哭]
裸奔的胡萝卜片,这个真太好看了 太好看了 太好看了
是小朋友啦帅,您肝没事吧[doge]
狂吠如丧犬的wlf,对南拳女拳都有讨论 挺好的
格笑奈果,我最近特别喜欢的穿书题材小说[热词系列_妙啊]
弥毓祝叽叽生日快乐,强扭的瓜甜不甜尝了才知道&lt;(｀^´)&gt;
蓝天上的两根电压线,呦呦呦，属女二最惨
人妻丘丘,要是我当年念书有像片片肝片那样，现在也不至于在田里被蚊子咬
heykrisyeol,一天说恰饭的真的很烦 不要片片发个什么都说恰饭 有些是真的好看 能不能在说恰饭之前自己去看看
amber每天都在重新做人,啊，后面吐槽的好多是错的啊hh，一看就是没仔细看qaq
whatlxy,没得看头。
秋风灬稻香,乙女？？？？
蜡莫斯,emmmm虽然一直很喜欢片片，但通过这次解说这个我已经看过的剧就知道电影解说还是有一定主观性的，建议大家自行观赏，剧挺好看的挺欢乐的
是七司不配,这个剧真的好好看的！！！！一定要看！！！
要嫁江晚吟,片片，推荐幸福触手可及[doge]虽然狗血，但是挺上头的[doge]
Bili_477920414,emm
撒巴呦,其实这部剧不适合下饭看，太太太容易笑喷了
美腻的七饺,在哪看啊？我想去看了[喜极而泣][喜极而泣]
吃红提的史迪奇,这部剧霸屏啊，好多up都在说
黑子凉太,片片说的缺点其实剧里有解释的
wesker4486,封面也太好看了
仙柚Yuzuru,吐槽到位[OK]
护花史者,赵思露跟角色适配度挺高的，我喜欢她
有趣呆撒,真的好看不好看现场砍头[大笑]
黑咔李,咱们家的矿咋了？？？！！
祖安娘,太tm搞笑了 i了
林泽郁,"你们有没有发现片片最近恐怖片更的很少。。。万一片片变了都去更言情片怎么办啊
千人血书《唐人街探案3》（1/1000）[热词系列_高产]"
恶人客,热乎的
这碗粥MAX,里面只有男主和男二喜欢女主啊，哪有所有男生都喜欢我啊[笑哭]女主对他们也是很好啊，我觉得男主男二喜欢上她挺正常的。
尼古拉斯1小明,真下饭
硫原子sr,守宫砂的确是日抛的[热词系列_知识增加]
HEIZI黑字-ElisaMin,男人什么时候才能站起来，气冷抖。
惘尘流风,还有一部名为 羞羞的铁男 万合天宜的好像 这部剧的民国版吧。
L裸奔的猪儿虫W,"想起了一部法国电影《女子汉的颠倒性世界》，也是女尊男卑，而且～嗯～只能说
要素过多……"
DeinVaterW,转生恶役是穿过去想活，这个是找死
无敌的炒饭啊,明天就要回学校了，希望我30天后放假回来时，尸体是完整的，可怜可怜我吧，总的来说，我想白嫖一回[doge]
当个反派,我觉得新京报对于传闻中的陈芊芊的评价非常客观，编剧表面好像一直在用小人物来反讽男权社会，结果核心还是男尊女卑。女主干啥啥不行，全靠男主一路给她开挂。女二聪明能干，却还要被黑化。但这就是个沙雕剧，还是不深究了……
海街日记-,咱明儿是不是该死神了[doge]
留雨停,我猜大结局就是两城合并，男女平等了吧[思考]
诺不死,真的巨好看，男主越看越好看那种，性格腹黑深情，好带感好喜欢😍[喜欢][喜欢][喜欢]
何故是何故呀,这个剧真的上头!!!一定要看!
该昵称B站无法显示,甜不甜的无所谓，关键是喜欢强扭[妙啊]
小黄金同学,Hello大家好我是戴着眼镜拿着话筒有老婆和孩子的阿拉斯加片片。[doge][doge]
超超级无敌大总攻,终于明白为什么绿茶婊不会被发现了，换个性别想想，还有点爽[滑稽][滑稽]
血色罗裙,看封面下意识以为是电鳗[热词系列_知识增加]
绯色玄枭,我想起来了一部h小说狡猾家丁[doge]
子沐秋水漆园立,有点沙雕
伊箐真的好难,可是呀！片片有点点占牛角尖了吧？为什么培恒是教书的剧里也解释的很清楚呀，因为他母亲战功赫赫呀！只有他一个特例，而且母后旁边的那个根本不是大臣吧，就有点类似于大总管之类的。
凤栖南星星,女主代入感太弱了，感觉二郡主好可怜，整部剧逻辑太差
北斗仙尊,为什么总有人提破灭flag，这样的设定在女频小说里很常见啊。
跨五丶扬眉,气冷抖[doge]
叶安云,小意温柔[doge]
海贼王12138,转生成为了只有乙女游戏破灭Flag的邪恶大小姐？？？[疑惑]
白衬衫衫衫,汝甚骚[妙啊]虽然孩子不是你的但，媳妇是你的啊[doge]
豬食薯條,热乎的
蟹粉蒸饺,说实话，我现在在看，但是呢，怎么说？我看到了匪我思存[大哭][大哭][大哭]
冬瓜皮酱pio,“你们家守宫砂日抛的啊” [笑哭]被这部剧的各种骚操作笑死
没带工具的矿工,哈哈哈，我一个男的看有些片段差点被粉。[tv_doge][tv_doge]
十九相欢,那个绿茶 笑死我了
的呢读着倒会才子傻,"[doge][干杯][妙啊]
“正经人谁看视频投币啊”
“是啊”
“你投币吗”
“我不投”
“你发下次一定吗”
“谁能把心里话发视频里”？
“发出来的哪能叫心里话”？
砰！！
“（        ）”"
听不懂但似乎很NB,[哦呼][哦呼][哦呼][哦呼]
bili_75311900613,热乎
逗比的省巢,耶！终于连上网了，咦？怎么怎么这么多人说气抖冷，这是什么意思啊？有人帮我解释一下吗[doge]
平安不知道,人均绿帽的时代[doge]
樱玓,来啦来啦热乎着呢
钦璞珑,刚看完第十集前排围观片片
那就还叫咸鱼吧,主要是露思太美了[星星眼]
gable游,有点上头
灬孤妄i,跪求片片解说重启咲良田[无语] hxd们帮忙顶顶
杨歌723,一天看了十集，根本停不下来，后期不崩就好，我最近的快乐源泉
丨Aphrodite丨,转生成为了只有乙女剧情破灭Flag的邪恶三小姐[doge]
Maiyatutu,肝肝，你的片还好吧[doge]
撒巴呦,我真的太爱他了，期待今晚韩烁手撕绿茶[doge]
kokangwxx,我不想看，但想看片片继续看（并解说）[捂眼]
浮生微夜,强扭的瓜不甜，但解渴啊[doge]
海女本女,死神来了5 求安排
南忆君君,17分钟
鏡花花花水月,这个感觉有点像转生恶役[哦呼]
是小胖妞鸭,芊芊：把毒弄嘴上了是吧[妙啊]
婕婕不想睡,宁是日更吗？
哩哩啦啦砰,大半夜笑到抽筋[喜极而泣][喜极而泣]
努力努力再努力zjh,感觉这部片的确存在逻辑问题 但是片片讲的有几点还是为了提出逻辑问题而强行改了原片 没有仔细看剧啊
kouhaku-justwe,来啦来啦，超好看的，入股不亏
嗷mango,你家守宫砂是日抛的啊[热词系列_真香]
gakki_赛高,不是这不是四月番乙女游戏破灭flag的剧情吗[无语]
许我千秋愿,(=・ω・=)
哈哈哈尼小,这个超甜！
亲爱的莘御,无聊时看的时候被惊艳了一小下，一下看了八集[笑哭][笑哭][笑哭]
老实憨厚的笑笑,感觉有恰饭ptsd了 感觉这也是恰饭
狐家小辳,只要你看成交夫妇，我们就是集美了.jpg
粒粒子的小臭脸,哈哈哈哈看开头生女儿那段我就笑出声了哈哈哈
倾情的老道寺,卧槽?小片片高产???
阿伟走惹,破灭flag?[2233娘_喝水]
群下有個擎天柱,这不tm就是破灭flag嘛
容易被圈粉的夏洛克,是洽饭吗
哔哩up第一帅,甜不甜的咬一口不就知道了……[doge][doge]
しょ君,哈哈哈哈
巨能肝のCorgi,我发现我居然看完了这么内啥的视频，我真是太强大了，啊哈哈哈哈哈哈哈哈哈哈哈哈哈哈哈！！！！！！！呃
取名字真不简单,我怀疑片片就是这种男人
啊哈哈哈哈哈拉,是沅沅yuanyuan 不是ruanruan
小k516,虽然孩子不是你的，但媳妇儿是你的啊[喜极而泣]
戒色所管理员,我送各位一顶翡翠金冠[滑稽][滑稽]
极乐鸟的烛天,没看过，这个是不是和《转生成为了只有乙女游戏破灭Flag的邪恶大小姐》很像？
闪电电电叔,这部戏可以啊！
桑巴的小鱿鱼,哈哈哈哈哈 真的蛮搞笑哈哈哈这个剧
安安IAA,乐坊那段我仿佛看到了凤求凰里关晓彤演的那个角色的一堆男宠[喜极而泣]
奇了怪呀,精准目标 现在看电视剧女性居多 大部分有闲有钱 都是潜在群体 这应该是市场调研下的产物
flameWWW,感觉和那个新番剧情好像😂
南方的Kenny,很强啊
一只大大大大菠萝-,后面男的也要点守宫砂的哈哈哈哈哈哈哈
古德猫6086,片片 你这才结婚几天啊，就被驯化成女尊男卑了？[奸笑][奸笑]
阿伟走惹,破裂flag?
然然3,这是什么鬼东西
还有什么逼名字,[热词系列_知识增加]
看你笑哈哈哈,我也是片片迷啦
老烟斗看电影,《转生成为只有沙雕网剧破灭flag的邪恶三公主》
白蕤三三,片片强推侠探简不知啊啊啊，超级好看，豆瓣评分8.1还在往上涨，就是不火啊啊啊啊
fidelity-,弹幕有的人真的迷惑。一些很平常的地方也要说是恰饭，还不止一个人。我刚刚看到片头的时候，介绍了片名也有一个人说是恰饭。。。。。。正常解说不都配上片名了吗？？？而且就算片片真的恰饭，也保持了视频的质量啊。细细数数片片恰过饭的视频，有哪个视频因为恰饭而没质量了？？？
lemonsuda-,演员都挺喜欢的 看了几集属实看不懂这剧情[捂脸]
白菜清茶Z,男主感情线全靠自己脑补的那段戏笑死我了哈哈哈哈
Aahoge,这不就给傻子快乐用的嘛
多多是边牧呀,女主好好看
雪之言霜,片片讲出了我心中的疑惑[喜极而泣]
月亮村邮递员,白芨梓锐的成事不足 败事有余cp！！！！姐妹们都磕起来！！！[热词系列_可以]
你好田中君,不觉得和本季度一个番很像嘛
bili_52686670060,十分钟前热乎[喜欢][喜欢][喜欢][喜欢][喜欢]
雏菊丶甜奶油和阳光,已经上头了[打call][打call]
静静TV,您是真的[热词系列_高产] 注意身体(⊙o⊙)
您已被举报,超前
北狼天涵,我一寻思这简直是♂van的天堂
中国boy喝汤小猴子,"🙌没有人
🤲比我
🖕更懂
🥕♂
🍳♀
👏👏👏[doge][doge][doge]"
窃笑旁观者,气抖冷！男人什么时候能站起来！
失智老鹿,"什么炸了？
咱家的矿炸了
咱家什么炸了？
咱家的矿
你再说一次咱家的矿怎么了
笑死了哈哈哈哈哈哈哈哈哈哈"
此生不刷小破站-真香,这要我来的过快 就能发现那些人比我更快[呆]
爱爱爱爱你个头啊,上头这部剧哈哈
YiRanMr,希望男女主之后的剧情不会为虐而虐，一直沙雕甜下去就好了
这个bl,气冷抖 男人什么时候可以站起来 [抓狂] 看我重拳出击
Alina1018,来了！
基金会重启计划负责人,"不知道大家最近有没有被一部国产剧刷屏，
凭借一段不到一分钟的片段和几张截图轻易出圈，
让所有看过的观众都高呼上头！
今天我就带大家看看这部女尊男卑的沙雕剧《传闻中的陈芊芊》
关注微信公众号：小片片说大片，更多宠粉福利等你来！"
左子淸,这真的神剧[笑哭]
戒色所管理员,我有个女同学叫蔡纤纤[吃瓜]
侯哥不是B哥,气抖冷警告[滑稽]
司南与芩,会虐吗会虐吗？？1v1吗1v1吗？看看孩子，可以入坑吗？
蜻蜓切糕,"昨天的我：怎么大家都在陈芊芊
今天的我：谁还没看陈芊芊？"
shy和我五五开,"不知道大家最近有没有被一部国产剧刷屏，
凭借一段不到一分钟的片段和几张截图轻易出圈，
让所有看过的观众都高呼上头！
今天我就带大家看看这部女尊男卑的沙雕剧《传闻中的陈芊芊》
关注微信公众号：小片片说大片，更多宠粉福利等你来！"
Wayne9999999,赵露思！！绝了
司南与芩,？？这么好笑啊
泡菜鱼是草莓味的,强扭的瓜不仅甜，还是沙瓤的[抠鼻][抠鼻][抠鼻]
嗑的cp太多昵称放不下,"酒里有没有毒你自己心里没点儿数啊[响指]

你要想啊，虽然孩子不是你的，但媳妇是你的啊[妙啊]"
套猴分队队长,片片，老实交代你的肝在哪里买的
什村,和&lt;偶然发生的一天&gt;一样的沙雕剧
喜欢喝奶茶QAQ,图我[妙啊]
绮绮玖,最经典的那句“虽然孩子不是你的，但是媳妇是你的呀”[笑哭][笑哭][笑哭]
零能力者,转生大小姐终皆成猴
智障研究中心,干就完了，老铁
李巡书,呵呵，这就是女尊男卑的世界吗？那可真令人作呕的🤲🤲🤲🤲🤲🤲🤲🤲🤲🤲🤲
闻忆清念,前排
默染君子,太香了！！！！！一口气刷10集！！！！
Tooupuw,这部剧挺好看的，最近也在看，终于等到片片解说了，[热词系列_爱了爱了]
内幕的幕后,说实话女主穿了以后有点圣母还有的直男[笑哭]
杀了她,哈哈哈哈哈哈
big丶zrz,我妹叫陈芊芊。。。。
哇玛卡巴卡,真的好搞笑哈哈哈哈哈哈哈哈啊哈哈哈哈哈哈哈
隔壁一只老玐,牛不牛逼[鸡腿][微笑][鸡腿][喜欢]
Van--dark,标题选的好，绅女少不了[doge][doge][鸡腿]
スープの橘子,两分钟就91评论了？！
赛萌-普尔斯,从未想过的道路
哎雅妈呀,前排
萧十二呀,“虽然孩子不是你的，但媳妇是你的呀”[doge]
梓十二,我几年前就喜欢看这种小说（穿书），一口气在晋江看了好几本[OK]
一只学生兔,片片在家里的地位是怎么样的？解说这部剧是不是另有企图？[doge]
猛男阿张,好
花园靓仔,我。。。。我。。。我好像当街被公主强抢啊。[吃瓜]
相信奇迹的食蜂操祈,有男女、男男、女女恋爱的电视剧，为什么没有拍机器人恋爱的电视剧？我们机器人什么时候才能站起来？气抖冷
是鼠鼠哎,刚看完发现增加了一堆评论[doge]我太慢了[doge][doge]
哆啦A梦的骨灰粉丝,浴血黑帮？
77018474893_bili,"冲着标题来的
集合
(｡･ω･｡)"
在路上陌生人,赐你绿帽，以示尊重[微笑]
婉兮不惋惜,就离谱
老王少年气,希望兄弟们别被女人绿。[保佑][保佑][保佑]
苍黎,老晋江了[doge]
一野ye,这个真的巨好看！！期待后面的现代戏嘿嘿嘿
纯白却无瑕,我没有看过，但我通过空间知道了这部剧的全部[OK]
漆黑之翼空银子,男权出击[热词系列_锤]
丶莫莫婗奈子ギ,i了i了[doge]
人行道上不是很宽敞么,？？？
作死的好孩子,"不知道大家最近有没有被一部国产剧刷屏，
凭借一段不到一分钟的片段和几张截图轻易出圈，
让所有看过的观众都高呼上头！
今天我就带大家看看这部女尊男卑的沙雕剧《传闻中的陈芊芊》[妙啊][妙啊][妙啊]"
嘤嘤嘤2229,你们是住b站的吗？
Alics000,"看到这片 我就想到 是恰饭还是吐槽
最近被她刷屏了 一半恰饭闭眼吹 一半吐槽各种嘿  （我还没看）[吃瓜]"
科鸡菌,我还什么都没看，但没有什么好说的，因为我根本不看网剧[doge]
゛阿嘻哈哈,耶耶耶
医者不自医渡人不渡己,露思[tv_亲亲]
HatelyR拾弎,两  极  反  转，男  权  陨  落
微微滑稽,希望大家去看看[保佑][保佑][保佑]
落荷七月,强扭的瓜不甜。。。[偷笑][偷笑][偷笑]
一米八的巨型加农炮,"传闻中的陈芊芊巨好看，很上头的一部剧
被室友推荐的，当天就刷完了[笑哭][笑哭]
男主爱上女主全靠脑补，自己攻略自己
男女主身边的小厮也巨逗
金句超多，安利下饭，哦下饭可能不太合适，因为会笑喷[doge][doge][doge]"
鳪鳪唧,来了，还热乎着呢[doge]
哆啦酱一号,[doge][doge]女主太美了
-yuriiiiii,这剧别带脑子看，挺有趣的，小丁露丝都挺可爱。
紫荆凌陌,一分钟前!
专业拾棺呀,我劝你们都少玩手机跟电脑，我最近感觉视力下降得越来越厉害了，打开钱包都看不到钱了。
橘猫头子,第一[热词系列_三连][热词系列_爱了爱了][热词系列_吹爆]
绮绮玖,来了来了，这么前排[星星眼][星星眼]
叫我柠萌好了,你看up主做视频做的这么辛苦，不如给我点个赞吧[doge]
六一班没谁是好东西,沙发[doge][doge][doge]
莫云君行早,这种设定，好像在某点有见到过。
卡卜卡卜卡-,一分钟前就78评论？？？？？
起啥名好呢啊啊啊啊啊啊,你先在此地不要火，我去复制几条骚话[doge][doge]
變凸變繦,我愿意[妙啊]
苏西鸭_,[doge]片片新婚天天日更，莫非要攒奶粉钱？
刘大毛m,男权出击
我想做回欧洲人,下意识点开视频，心想咋没有弹幕呢，然后我就意识到我可能一百开外了
寒风灬掠影,一观看，九十九赞[妙啊]
东土泰山,"不知道大家最近有没有被一部国产剧刷屏，
凭借一段不到一分钟的片段和几张截图轻易出圈，
让所有看过的观众都高呼上头！
今天我就带大家看看这部女尊男卑的沙雕剧《传闻中的陈芊芊》
关注微信公众号：小片片说大片，更多宠粉福利等你来！"
Eternal中二命,这怎么像某个韩漫[哦呼][哦呼]
硬盒的半佛仙人,看看有没有人能够发现我[doge]
创奇蔡蔡,片片NB[喜欢]
欧皇必定是我,封面好漂亮[喜欢]
木村拓哉゜,希望男人蛋蛋没事[doge][保佑][保佑]
顾队长的小火柴,好早！
叫我柠萌好了,给片片捐肝计划——启动！
万界行,这部片我看着就图一乐
曹家霸业,哈哈哈哈哈笑死我了。这部剧可以看作国产沙雕剧的一个小小的里程碑。演员的表演夸张有度，非常讨喜。剧本有梗有料，对穿越和女主编剧身份这两个核心设定的利用度很高，笑料和情节都是据此来做的。编剧进入自己所写的剧本世界，有文学上“自反”的意味，逆天改命，自成风流。男尊之城与女尊之城的设计也挺好，反差玩得很溜，调侃男权，幽默且自带反讽(豆瓣复制)
橙子驾到,第一次那么前
富贵在逃亡路上,看了看了
救救aki吧QAQ,我没有资格戴绿帽（
花下忧伤,这就去看[热词系列_知识增加]
迦勒底记者冲田小姐,片片！休息一下吧！这才新婚呢，就这么肝
寰宇同沁,哇哇哇片片又开始蹭热度了[doge][doge]
少年别说话m,实在是高产   心疼你呀
多情的来福,结完婚不度蜜月的吗？
我不会中大奖的,我不是渣女，我只是想给全天下男人一个幸福[捂眼]
姜光北,国产版种田猴王？[doge][doge][doge]
每天都要上上签,1观看1弹幕104评论[热词系列_爱了爱了]
阿拉斯加的教父,希望传闻没事🙏
Mikufans-bilibil,《传说中的陈开车》[doge]
我就吃一口a_,陈芊芊！！！！沙雕男主！！！超可爱的cp
独行在远方,母胎单身七流编剧陈小千呕心沥血写了一部古装题材大剧，原可顺利开机，却因为演员韩明星对剧本感情戏质疑过多而崩盘。愤懑难平发誓要证明自己能力的她，意外卡进了自己的剧本，变身花垣城地位尊贵但恶评满国的三公主。原本一个活不过三集的小女配，为了活命开编剧副本，逆转荒唐人生，在不懂套路的犬系少城主韩烁和人设完美外貌满分的花垣城司学裴恒之间，最终学会爱与成长。
BOPU-,耶嘿
超Carry的禁西,"不知道大家最近有没有被一部国产剧刷屏，
凭借一段不到一分钟的片段和几张截图轻易出圈，
让所有看过的观众都高呼上头！
今天我就带大家看看这部女尊男卑的沙雕剧《传闻中的陈芊芊》[妙啊][妙啊][妙啊]"
michelle36,[doge][doge][doge]
太雅,我当时好像是因为那个他人即地狱关注你的。
胆小的善逸鸭,来了来了，希望片片的肝没事🙏
欺诈者基尔加丹,女拳警告[doge][doge][doge]
原谅我不起名,可恶，好不容易前排却没什么骚话
碎了的夏威夷果,不知道这部剧养活了多少up主啊[doge]
阿源D,真的超级好看[呲牙]
疯狂迷路中,啊啊啊我看了这个！男主自己把恋爱进度条拉满真实太骚了[doge][doge]
余生一个顾淮安,但是后面有点无脑，高开低走的感jio
竹子林里的竹某人,第一枚硬币贡献者[doge]
八月是凉,片片居然讲网剧了
街尾的咖啡店与独角兽,嗯哼？第三？[doge]
打酱油的一批猫,[热词系列_知识增加]
郝威咸呐,i了i了
PC游鱼君,第三[doge][doge]
去冰蜜桃茶,来了来了[一人之下_干翻苍穹]
诸葛小刚,来啦来啦来啦
郝威咸呐,我这么早
Bill_Willianmson,希望肝没事[保佑][保佑][保佑]
该昵称已存在1次,这么早？
谢君赠我空欢喜I,1？
啊陌陌陌陌,这个剧挺好看的(｡･ω･｡)ﾉ♡
带带痞小将,?啊这
不如给我,来了
海僵尸,哦哦哦哦哦
永远爱小鸟游六花,[doge]
郝威咸呐,我的妈
银奉曦,第一，陈芊芊真的好好看[大哭][大哭]
Tooupuw,"不知道大家最近有没有被一部国产剧刷屏，
凭借一段不到一分钟的片段和几张截图轻易出圈，
让所有看过的观众都高呼上头！
今天我就带大家看看这部女尊男卑的沙雕剧《传闻中的陈芊芊》
关注微信公众号：小片片说大片，更多宠粉福利等你来！
[doge][doge]"
温一树月光,来了
驰野择川：感觉有点高开低走，女主人设后边有点崩
亲爱的莘御：唉其实要求真不高，节奏快好嗑cp加上剧集短基本就让人眼前一亮，可惜这么多国产剧咋不懂呢
排骨烧土豆：……现在解说都流行看个开头就开始自由发挥了吗？解说解说，都不了解怎么叫解说，不如标题改成《套路解说之传闻中的陈芊芊》
beckyyuchen：我實在是不好意思在這裡講這種話題，但我真的忍不住阿[喜极而泣]彈幕上好多人說“從生物學角度上來說決定生男還是生女的是男人”這句話真的不對阿，實際上男女都是有影響的，男性的Y染色體確實可以決定性別，但女性的體質也是Y染色體生存率的影響之一（酸鹼度之類的），所以其實生男還是生女，是看男性**（大家應該是可以理解的吧）的活性，和女性的體質。
呆迪在这儿呢：现在的电视剧是越来越讨好女性了，男女平等有望
胡思思AA：你跟他讲设定有问题，他跟你说不要带脑子，行我听你的，那我只想看甜剧，不喜欢看那些乱七八糟的剧情，又开始说你不能无脑看剧[doge]反正捧就对了
涟漪凤凰：看这个剧就不要带脑子,带脑子看剧的是人才
A同學：总之我觉得挺好看的
superdiu：有种太子妃升职记的感觉……
爱唱歌的易知寒：这个沙雕甜剧感觉后期要可能拉垮 现在剧情逐渐堵心
言和呵：金莲，该喝药了[热词系列_危]
唐禧玖：哈哈哈哈哈哈哈哈哈哈哈哈哈哈哈哈哈哈哈哈哈哈哈哈哈哈哈哈哈哈哈哈哈哈哈哈哈哈哈哈哈哈哈哈哈哈哈哈哈哈白芨和梓锐笑死我真的
星不耀：前面6集不错
贾修臣：编剧的bug成了剧情，那么这就是一个没有bug的电视剧。什么鬼神逻辑
陌上桑籽："我看很多吐槽说这剧新颖反套路好看啥的……然后我去看了文字版的[捂脸]可能我期待太大了吧。
是古言很小众吗？？？这种设定我感觉我还见过挺多的，或许放成剧或许是有给人耳目一新的感觉？抛开题材设定，从目前我看到的文字版来说，女主性格额……就是古早言情风，并且一些剧情还有一些不太符合逻辑的地方[捂脸]个人想法，并且后面更新的一部分我是跳着看的，不够全面吧，希望后续剧情能真香吧。[捂脸][捂脸]目前我是有点失望的"
山井银泽：真就爆肝？
奈良梅子：你懂个屁，这是女尊，男的就该……
柯兰九箫：国产只适合活在解说里[笑]
大尼l哩：从片片几万粉丝关注到现在都两百万粉了[哦呼]
灵耀小狐：守宫砂的确不应该点，应该日抛爱妃，向武则天一样，不是想睡谁睡谁？点守宫砂简直封建残余
驰野择川：感觉有点高开低走，女主人设后边有点崩
亲爱的莘御：唉其实要求真不高，节奏快好嗑cp加上剧集短基本就让人眼前一亮，可惜这么多国产剧咋不懂呢
排骨烧土豆：……现在解说都流行看个开头就开始自由发挥了吗？解说解说，都不了解怎么叫解说，不如标题改成《套路解说之传闻中的陈芊芊》
beckyyuchen：我實在是不好意思在這裡講這種話題，但我真的忍不住阿[喜极而泣]彈幕上好多人說“從生物學角度上來說決定生男還是生女的是男人”這句話真的不對阿，實際上男女都是有影響的，男性的Y染色體確實可以決定性別，但女性的體質也是Y染色體生存率的影響之一（酸鹼度之類的），所以其實生男還是生女，是看男性**（大家應該是可以理解的吧）的活性，和女性的體質。
呆迪在这儿呢：现在的电视剧是越来越讨好女性了，男女平等有望
胡思思AA：你跟他讲设定有问题，他跟你说不要带脑子，行我听你的，那我只想看甜剧，不喜欢看那些乱七八糟的剧情，又开始说你不能无脑看剧[doge]反正捧就对了
涟漪凤凰：看这个剧就不要带脑子,带脑子看剧的是人才
A同學：总之我觉得挺好看的
superdiu：有种太子妃升职记的感觉……
爱唱歌的易知寒：这个沙雕甜剧感觉后期要可能拉垮 现在剧情逐渐堵心
言和呵：金莲，该喝药了[热词系列_危]
唐禧玖：哈哈哈哈哈哈哈哈哈哈哈哈哈哈哈哈哈哈哈哈哈哈哈哈哈哈哈哈哈哈哈哈哈哈哈哈哈哈哈哈哈哈哈哈哈哈哈哈哈哈白芨和梓锐笑死我真的
星不耀：前面6集不错
贾修臣：编剧的bug成了剧情，那么这就是一个没有bug的电视剧。什么鬼神逻辑
陌上桑籽："我看很多吐槽说这剧新颖反套路好看啥的……然后我去看了文字版的[捂脸]可能我期待太大了吧。
是古言很小众吗？？？这种设定我感觉我还见过挺多的，或许放成剧或许是有给人耳目一新的感觉？抛开题材设定，从目前我看到的文字版来说，女主性格额……就是古早言情风，并且一些剧情还有一些不太符合逻辑的地方[捂脸]个人想法，并且后面更新的一部分我是跳着看的，不够全面吧，希望后续剧情能真香吧。[捂脸][捂脸]目前我是有点失望的"
山井银泽：真就爆肝？
奈良梅子：你懂个屁，这是女尊，男的就该……
柯兰九箫：国产只适合活在解说里[笑]
大尼l哩：从片片几万粉丝关注到现在都两百万粉了[哦呼]
灵耀小狐：守宫砂的确不应该点，应该日抛爱妃，向武则天一样，不是想睡谁睡谁？点守宫砂简直封建残余
DAWNHH8264：我怎么感觉片片都没怎么看这剧，是洗了别的营销号的稿截了片段就做出来了这期视频呢
多年后你还是你吗：沙雕剧吧，剧情不能认真，认真就看不下去了，也就图一乐
硬核傻dio：完了完了pxj又双叒叕来了
我只是过路额：按这个发展我跟你讲最后一集肯定是女主梦醒了，然后又遇到男主了（一集没看过盲猜[doge]）
书包贵某人：求片片解说游戏王 次元之暗面
啾咪敦敦：真的超级好看，又甜又搞笑
珍的呢：缺点是挺多的，但你说的很多都是错的啊，好歹快进看一下剧再做视频
晚是一道霞：这真是我b站看到的up主做的陈芊芊解说里，最水的一个了[怪我咯]
咕呐啊：这个让我想起很久之前在有妖气看的一部漫画，也是分男尊和女尊两个城，女主在现实是个被排挤的人，男主是个俘虏，被穿越过去的女主用手机买下来。忘了什么名字，不过主旋律沉重很多。
陌上桑籽：我想知道原小说[doge]
花翎古典：片片都说了自己没看全随便说说，还有一些人揪着不放。我反正不喜欢女主也不知道为什么，只要是她拍的剧我一个都看不下去，反正看粉丝各种尬吹她，get不到他们说的点，就更不喜欢了。我觉得有人要来喷我了
机智的欢团：你看的好像跟我看的不太一样?感觉有些地方在瞎解说呀
bili_42780764394：这剧认真你就输了……就是你最后一句话，是一个未谈过恋爱的母胎solo女编剧写的……这让我感觉这其实是对其他无脑恋爱的反讽……
霸总开超跑：虽然但是，你们看到热搜就说是买的这不也已经跟微博那帮人一样了吗
伸颈侧目微笑默叹：清一色的薄纱让我感受到了剧组的贫穷，个人感觉最好看的就是结婚那套白色嫁衣了
伸颈侧目微笑默叹：我前期还嗑女主和二姐的百合cp[doge]
立风成雨：我是个不怎么追剧的人，上一部看完的剧是《庆余年》，这部小甜剧真的很不错，虽然也有点缺点，但整体上蛮不错的。适合下饭。
魈影无痕：男主后期武力值爆涨是因为吃了龙骨[呲牙]
来份馒头吗："弹幕吵主要是up吐槽缺点稍微有点偏，其实本身就是无脑剧这一点就已经很缺点了，但up吐槽的一些略微错误情节容易带歪观众。
总而言之这剧优点是，笑点新颖丰富且不尬，人设新鲜（男主为主），反讽，制作精良。
缺点固然也很明显，男卑背景并没有立足的特别完美（世界观存在瑕疵），个别翻转剧情戏略尬，故事换汤不换药有套路，内在逻辑和人设不经推敲，恋爱偶像剧。
但说归说，一个剧的定位就摆在那里，作为一个沙雕喜剧做到这个份上已经很不错了，不然也掀不起风浪，这部沙雕向的笑点比其他同类型剧都要有意思一些是不可否认的，这也是作为这种类型的剧的成功，但它的价值也止步于大家的一笑了之。
补剧关键词推荐：恶狼变奶狗，沙雕女尊（其实是男女平等），欢乐下饭

（以上全部针对影视剧，不要拿小说说事噢）"
kxy1695：剧情和台词还挺有意思的，就是女主演技和台词很一般，很多地方台词吞吞吐吐听不清楚说的啥，大家对这种沙雕网剧演员的宽容度蛮高的
刘油锅：大家可以去看看，《女帝的后宫》那部漫画！！！清节大多一样！！而且里面是男的点守宫砂！！！！逻辑比着这电视剧精密！！！！这个电视剧纯属抄袭！！！除了人物名字！！！！！！
良心律师斯内克：如果这剧反过来 怕不是女权婊就炸了[哦呼][哦呼]
饲养天真犬的正确姿势：本质还是傻白甜，优秀的女二却黑化变成反派
小蜘蛛MY斯达克耶森森：我看这部剧要笑死了，剧情质量啥的没关注，光顾着乐了哈哈哈哈哈哈
meowinsomnus：偏偏此次太仓促了[无语]
Rayment：后面的缺点明显是片片没看仔细了，男二的母亲有功绩加上男二的才学，所以才破格当上司学；男子也有点守宫砂，男主大婚当晚就有人来跟他讲了花垣城的规矩就是跟玄虎城反着来的；女主多次为了男主置自己的性命于险地，男主是在杀与不杀反复横跳了很久才最后爱上女主的，变成恋爱脑我觉得没毛病，怎么就说突然呢。
黑夜摄手：唉，大up主就是可悲，说错一句话就要被千人唾骂，万人唾弃，一整个评论区看下来，一些指出错误让片片改的，挺正常的我觉得，但是一堆直接攻击的我是真的没想到，不过是一个欢乐沙雕剧而已，都能整出那么多信仰，我算是佛了
小恩睡着了：我个人觉得有点烂 台词跟念白水一样 就女主演技还可以
边跑边笑嗷嗷嗷的爹爹：封面歧视男性？？
铅笔Juniper：UP说的bug我在豆瓣上都看到有人喷过，但是所有这些剧里面都有解释，如果你要说剧的bug，也得说到点子上啊_(:з」∠)_如果要分析一部剧，即使倍速也要看仔细才能分析出个所以然，逻辑不清是忌讳的
挚爱园子：这个女主演过的电视剧我居然看过    电视剧叫啥我忘了    以前跟双世宠妃和萌妻食神一个时间的电视剧      （别问我为啥看过的不记得，只记得没看过的，我也不知道）[喜极而泣]
bili_19519622158：从生物学的角度来说，男性最底层。几乎是不可能的，因为男性承担了面对未知的好奇与风险，女性承担了生育的责任如果一个女性既拥有生育的责任，也拥有保护其他人的责任，那么这个女人是不是太惨了？
桃喰Official：女尊和穿越女配的文在jj起码是10年历史了，求你们不要无知到看个番就刷好吧，生怕哪天出了个琼瑶番你们还要刷琼瑶阿姨抄袭
剑锋刃天下行：转生恶役流......已经玩烂了
再也不当谁的粉丝：后半段。。。。up说的啥玩意啊。。。。
BestJane丶：其实好多集都是全程地铁老人手机看的，但是确实挺甜，男主帅，演技也行，顺便搜了下男主现代剧确实还是古装好看。女主台词烫嘴演技一般。靠着快进大法看的还挺香。
感人凉凉：我头快笑掉了，强烈安利！
独孤娜儿：有意思 哈哈哈哈
琳酱吃很多：想看蔷花红莲解说
_言小乔_：既然是嫂子也在看，你出视频前不会让嫂子看看嘛，你就说解说成这样嫂子气不气[疑惑][疑惑]，太不负责任了吧，道歉也模棱两可的没态度。
草食动物：确实很上头，我不看剧，那天被基友安利都一晚上连看八集……第二天顶着黑眼圈上班hhhh
jessica郑秀妍郑秀晶：后期很虐是什么意思？
许之守望：哈哈
甜橘朗姆：沙雕甜宠网剧还要什么高要求啊，看着开心不就好了，也没什么水不水的身边不少人都在看[呲牙]另外up确实没认真看，说的这些bug剧中都有解释
我的生活态度：这部剧确实很多槽点，但是这期解说该吐槽的槽点一个都没吐对，但是吐槽的地方人家剧里都给了解释，做解说我觉得起码的专业和敬业得有吧，到现在为止我看到up主不下三部剧的解说剧情不对了，对得起观众对得起粉丝吗？确实不是每部剧每个up主都看得下去，你看不下去就不要做解说啊，为了蹭热度跳着看跳着解跳着吐，连起码的尊重都没有吗？麻烦保持对行业的热爱和尊敬，蹭热度也蹭的专业点，谢谢。
大小概：这期讲得真的差，没好好看剧就解说可是对观众的不负责哦
雨如闻：这和那动漫剧情有点一样
猪可乐可可乐乐：想起了乙女flag
酸奶只要大红枣：追到最新一集了，偏偏说的没错，好看是好看，后期的确老套路了
我和我的玻璃心i：安利成功[喜欢]
夜雨声烦烦烦烦i：这期讲的略敷衍啊[喜极而泣]
豁牙兔啃排骨：感觉up真的没好好看，下次注意吧!真的讲错了好多!
萧锦prprpr：看到第十一集终于忍不了弃剧了。y1s1只找糖吃真的很沙雕很快乐挺喜欢的。但带脑子看我可能会被女主和婴硬气死
开坦克的小黑：挺沙雕的，下饭神剧
熙熙台上：好看，强推，又甜又宠还沙雕[呲牙]
bili_511677246：南拳什么时候崛起
颜见深：小说这种套路都已经看烂了[笑哭]，影视化倒是少见，可也没啥新意
不当tg张不鸽：这个剧只要看过5集的人就明白实际上宣扬男女平等的，没看就喷的人急了的样子好搞笑[OK]怎么着戳你痛处了呗
打人的三文鱼：啊啊啊 老喜欢女攻类的文！[喜欢]最好是男生子才最棒[喜欢][喜欢]
麻溜上楼汤：这部剧特别好看
领结婚证又不要钱：其实看片头大姐和苏沐会是cp，二姐和裴司学会是cp，我觉得后期发展不会是三个男的全喜欢芊芊的，太俗[偷笑]
换下看：首页来的？？？这太多地方都说错了吧？是，你说你没仔细看，但是你作为一个up主发视频表达自己的观点看法，还这么多播放量难道不应该对自己的视频负责吗？你对你自己的视频都是这么不糊弄的吗？不看剧只靠自己的幻想理解？
静候Evangelina：只能说晋江领先行业十年，各位想体会同类型文请去晋江看早期的女尊文
进击的itachi：不适合带脑子看的剧，仔细一想就会发现有很多不合理的地方，而且我觉得女主主角光环照耀做事完全不考虑后果，大女主剧，而且是女主不用脑子就一路开挂的大女主剧，但甜还是甜的，沙雕也是够沙雕的，赵露思确实挺可爱的，丁禹兮演的也挺生动的，但感觉这剧人均台词功底不太好，有待进步吧
ono伊：我赌五毛钱，片片只看了预告。（我刚刚看了，不一样呀[tv_坏笑]）
降头海绵宝宝：是这剧不搞笑还是这剧反人类？傻屌剧里面找硬核  脑子有问题吧   当不起热搜？喜剧程度快比得上爱情公寓了
麦聚英：这主要是吸引女生看吧，这女强男弱的设定狠抓女粉吧
羁绪鳏鳏夜景侵：女权一直要求的是平权，不是大于男权。但是在这个世界我觉得除了大自然能做出绝对公平，人类社会根本就不会有公平性可言。就像乌托邦美好的社会永远不会存在
防御恋空：emmmm，裴恒好像是因为他母亲原本是镇国将军来着，所以他是唯一特殊的那一个，在女主和男主举行婚礼时，裴恒还在女主取消祭祀那生气，感觉本来就喜欢原身只不过因为原身不学无术，心有不甘而已，女主穿越过来后变好了，裴恒就心安理得的喜欢了，（仅代表个人看法）
不是别人是你爷爷：啧，这热搜要是挂的男权宫斗剧，一群傻逼女的为了个男人斗得要死要活，保证没人不满🤗因为在人们潜意识里，就该是这样的
夜信______：女拳警察都是复读机吗？这还能反向打男拳我也是没想到，建议去微博和女拳共欢
罗云社法学日常：这位传说中的神仙的编剧是谁啊？这么喜欢把我一封为珊，你很得意啊！(￣▽￣)
罗云社法学日常：陈青青分明是做了个梦，黄连一次好意思说是穿越限行，穿越量子力学与称不守恒的表示羞愧极了
_神様_：本来就是架空的，当个沙雕看挺好的就图一乐，当真干什么，要当真的话哪还来的女性打仗啊，咋地约法三章每个月空一周出来大家和平发展不打架？又不是没有过女权社会，稍微翻翻书你都知道男权女权这东西本来就是看谁掌握了生存资源，男女平等是我们思想上的前进但麻烦那些田园女拳能不能别忘了，是男权给了女性追求女权的权力，每一种革命都注定是前人流血给后人铺路但我在国内，或者说，在微博这些地方，我完全看不到这种意识到存在体，说到底，有很多所谓的女权，想要的只是权力，如果有机会让她一个人得利，她会毫不犹豫卖掉其他所有的女性，而这种人，光是这个视频的评论区你都见到一堆，只不过她自己不敢承认。
罗云社法学日常：蒲云莲表示骂骂咧咧，退出直播间
熙纸包饭_：太好看了！我要向大家安利！！一天刷完14集！！！
罗云社法学日常：还是赵露思演的戏有意思
度坻：好家伙咋还在热搜[热词系列_知识增加]
丶冫氵焱：烂片，这片有什么值得推荐的！两集都没看完就看不下去了！
有1吗呜呜呜：u1s1赵露丝红衣造型把老娘美哭了
灬天马灬：就是这沙雕剧女主台词12345对口型[吃瓜]
小九儿qQAQ：就这烂女权剧能上热搜？一帮女婊帮上热搜？不会吧？
龙龙的二花：这部剧的编剧真的很好，陈芊芊的人设也没崩过，就是让你很堵，优柔寡断，得了便宜卖乖。这部剧非常高明的地方就是bug都是七流编剧陈小芊的剧本。如果说陈小芊的初心是裴恒，那么南镇的初心就是韩烁。这个男主角的人设包含了许多晋江萌点，符合了当代女孩子对于男朋友的一切幻想。而且当陈小芊穿书之后，这里面的剧情逻辑只剩下一些小bug，逻辑大问题上却反而能自恰了。所以说，6.1儿童节什么时候来！[OK]
小祺的掌上明猪：b站有望成为下一个微博，b站热搜应该比微博的便宜
雪碧更好喝一点："只要我们点燃狼烟，挥师南下。
别说一个三公主了
连裴恒都是你的[tv_doge]"
耽美情报局：up你这有点蹭热度了，这部剧没有大家想的那么激进，他只是个无脑恋爱剧而已，被你这标题说的好像田园女权一样，恶意引战哦
秋裤子子：还有喷女权的，无语了，从头到尾没几个说什么崛起女权的，某些nt还自己提出来还刷好几遍，而且你自己不就是真正的在歧视吗？只可以拍男尊女卑的古装就不可以拍架空的女尊了？一拍就女权？我看你才是男👊吧
秋裤子子：上个热搜也用不着黑吧，又没有逼你点进来，恶意这么大干嘛，正常不想看的人连点都不会点进来吧……[囧]
柒月Qiue：烂就烂，但这和女权有啥关系？如果这算女权那之前的剧是不是都算男权？
鹿小彘：就这烂女权剧能上热搜？一帮女婊帮上热搜？不会吧？
蓝深灯：还是表达一下我的观点，这剧要是女权，那我们过去的历史剧都能算男权了。估计编剧也没想过这种把过去男尊女卑性转一下的剧情能引发争吵。可能他们只是想讽刺一些社会现象？在沙雕剧这里讲女权，还是男女主一个男尊女卑，一个女尊男卑，剧情全是谈恋爱，跟背景几乎不沾边的那种，有点无聊
不点赞把你给抬喽：就这烂女权剧能上热搜？一帮女婊帮上热搜？不会吧？
楚凝同学：哈哈哈这种剧本看着当个调剂挺好的，认真就只能躺平了，这个世界根本不可能有躺赢这回事
姬十三与梅花七：作为傻屌剧看还行 但是这剧也就那样 烂的不行
姬十三与梅花七：好看是好看 但是一直挂热搜 没双亲了？
瑞雪vam：确实说得好，我看的时候虽然挺欢乐但总感觉哪里不对，确实这个设定有点问题
人格优秀：看到弹幕有人撕乙女flag的，这没必要，而且滚动那个黄字有点太激动了，因为我看弹幕的时候只有说既视感的弹幕，也没说抄袭啥的，这样咬有点夸张，同一设定有些既视感真的挺正常的，而且弹幕也有人说了是12年用烂的设定
_-_-_-_-_-1：抖M狂喜
某艺电公司：硬是要挂热搜挂出来热度
黄吊金：男权警告
一如清霜：本来也没看剧的，偶然看到那个绿茶的片段，就开始了追剧之旅，接着就停不下来了哈哈哈哈
御坂12252号：这个不行啊，隔壁吉吉国王都是男女通吃，这个剧女性还会恨女主[滑稽]
白胖小萝卜：有没有人跟我一样抱着好奇的心态点进了热搜第一
雅佳佳：不是我喷，是男儿真的长得。。略憨。。[热词系列_知识增加]
仓鼠火锅：感觉男主攻受一体[热词系列_妙啊][热词系列_妙啊][热词系列_妙啊][热词系列_妙啊][热词系列_妙啊]
阿土的杨树：这剧情....怎么跟破灭flag这么像???
阿拉丁神邓啊：赶作业出来的作品吗？错漏百出！
不予可以：反正喷就喷吧，如果有想看的并且想看轻松的剧可以去看看的，毕竟挺沙雕的嘛，也没有到那种垃圾nt 剧的程度，认真你就输了[喜极而泣]
有就沾点Official：有仙王的感觉了，硬是要挂热搜挂出来热度
不予可以：为啥这么多人喷这部剧啊，本身就是沙雕剧啊，你非讲究逻辑你就输了[喜极而泣]
咲找姐慕找妈：我现在只想说，心疼二郡主。
阿茹茹：最新的评论都好恶毒啊，哪个对家看不下去出手了呀
王明明的么么哒：这剧情。。。perfect half？
叶言紫：和转生乙女好像啊[捂脸]
微笑986：少君是什么称呼？是少城主夫君的意思么？
tony带师：什么垃圾剧，热搜挂几天
皙楌："这里的台词都非常的妙啊！
[doge]"
木枯：还搁着热搜呢
给我高高地飞起来啊-：在热搜上多久了，看得都烦
红豆入骨相思知不知：这部剧虽然是甜宠喜剧，但其实很多情节都在讽刺[吃瓜]
B站经典三观正嗷：nt剧，占了多久的热搜第一了
穷纪二三：我想说其实不是女尊，从第一集开始编剧想表达的思想就是男女平等，很多人冲着女尊去看，发现不是想象中那样就开始黑。其实把同样的事情放到另一个性别上，就会发现多么不合理，这部剧很有讽刺意味，虽然不完美，但真的很值得一看。
bili_45190271402：人家那叫“心疾”，不叫“心脏病”虽然差不多吧，但概念上还是有点差距的
乐哈小橘子：你大概可能就看了一点吧
成为富婆的女人：Up解说一部剧或电影的时候还是自己去认真看一下吧，没必要照词念
姿兰容若：说得挺好的
可便宜复制：有棒子意淫内味儿了
黑云狂犬：[鸡腿]
教练我想学电焊：最新评论好恶毒啊[doge]
青蛙长老：我就叫裴恒
我再灯火阑珊处：我女朋友强烈推荐传闻中的陈芊芊，我之前看都不看就知道是烂片。一看果然唉😔愁，玩梗步入小说现在电视剧梗落后网文一两年。剧情不能深究，而且模板化太严重。演员总感觉出戏，功底太差。
二蛋不是坏蛋：烂片来的，有资本在故意推这部剧，豆瓣都在刷分，谁看谁眼瞎
しきんちゃん：那些建议仔细看的别了吧，bug更多，怎么可能没有bug，有解释的认为那不是bug的，说实话其实那因果联系也不是很细致，蛮直接片面的，细究不得的。
チアキかわいい：热搜[呲牙]
Miss糖火烧：居然知道橙光游戏[呲牙]
50707112831_bili：无聊
一顾孤舟：这剧真的有意思，有时候觉得挺讽刺，但是好搞笑
Joan佳：这和女帝的后宫好像啊[笑哭]
堇年呀あ：怎么这个热搜挂了好几天了
巴拉巴拉盍：有男同志在追这部剧吗[doge]
咿呀咿呀夏夏：我还是忘不了太子妃升职记
望山--：哈
羊村杨小白：大家都换口味了？
了了老铁锤：你没认真看！！！
惟有朝云能识我：up直接在弹幕里就被剧粉爆破了[吃瓜]
oneone泽揉：我要加入男女主摁头小队[妙啊]
星辰之涌：珍惜看，好几个解说的up稿件因为版权都下架了
と黑线仓鼠如是说：弹幕礼仪呢？？？
小歌迷-：还是要好好看剧吧，强行说缺点有点尴尬。很多都在剧情里说了，up以后文案还是要严谨一点
明户州：好烦啊，为什么这种俗不可耐的剧天天在热搜上待着，营销过度了吧。[奸笑]
戚城橙：我觉得，up这期做的敷衍了就是敷衍了，你要做一个解说类视频不应该好好看片再说吗？为什么置顶一个说没看太认真，反而一群人说喂狗粮？这的确是不对的啊！这片很多缺点，但是点说错了被指出错误这不是很正常吗
昂是我吖：真的被这部剧笑死，男主太乖了，哈哈哈哈，好苏！
张三是霸道总裁呀：穿进小说游戏是很老的套路了，真没必要刷转生，感觉怪怪的
郑子恒啊：为啥每次都会被这只狗头种草或者说是排雷，不想被狗头支配了，太难了[doge][doge][doge]
小狗熊软糖：新的几集我感觉怎么吸引不到我了哎
誓言逝：这个情节和世界观我好像在某个粉色app上看过啊
老骥伏枥随风直到夜郎西：不会吧不会吧还不会真的有人认为没人看逻辑一般的沙雕剧吧[doge][doge][doge][妙啊]
楚妃Angel：这个剧果然没让人失望，刚看完超前点播回来，回网盘再刷一遍[捂脸]
海信空调官方账号："万水千山总是情，给个关注行不行
[撇嘴]"
食色666：女尊男卑这个设定就很吸引我啦，这样的设定在电视剧里不是很少见吗？
花潮玖：男主真的越看越帅，我就真香了哈哈哈哈哈
工作细胞突然诈尸14集：作为一个看书二十年的老书虫，这种套路中日韩的小说也很多，感觉都是套路到不行，偶尔来个新瓶装旧酒，腻了一段时间再看又觉得不错[热词系列_可以]
滕滕滕哦："不带脑子，挺有意思。
带脑子看，发现一开始的定义就是噱头，巧合太多，逻辑不通[无语]。"
耽美情报局：up🆙你后面根本没认真看吧
人间一抹白啊：大家不至于啊，片片也全是间接推荐了。还有这就是个沙雕小甜剧啊，还得要多认真看啊。看看开心开心就够了  我觉得挺好哒
人间一抹白啊：神特么蝙蝠成精哈哈哈哈
本座桃子：女尊啊。。。很多网文都有这个套路，不过能拍成电视剧还是挺新鲜的[吃瓜]
无柳相赠别鬼谷：性别反转不是平权。这个剧好在不搞对立，故事符合人物形象和剧本设定，轻轻松松的氛围，拍一个完整的故事给大家看。
人间一抹白啊：讽刺可以的
__GrandeAmore：女主人设不行
bili_噤声：什么烂东西都能上热搜恶心
七亞7iya：但凡认真看都会发现很多地方逻辑不通，我觉得up说的一点都没错甚至有很多情节没吐槽到位，就这还有人说up硬黑？你们平时看烂剧看多了吗，稍微有部剧好一点就吹上天，硬要扯bug都有解释，那我倒是有多问题求你们这些只会跟风安利的带师解释。剧我还是会看的，头几集也确实好看，有亮点，值得肯定。[鸡腿]
寻觅作恶伙伴：这个剧bug没那么多，up提到的剧里有解释 ，不知道up是安利还是黑
单马尾的茶茶：好丑
狗哥头号fan丝：这剧叫什么啊
-松下折露葵：哈哈哈，我是没想到敢拍女尊系列的
Fau_：女尊就是一种背景设定啊，对应的就是古代男尊那种制度。我看过的女尊文绝对不下100本了，这两年好文越来越少了。女尊的代表作有狼大的《美男十二宫》《笑拥江山美男》《醉拥江山美男》还有《女尊之解战袍》…可多可多了。我最喜欢《酒色江湖》这个算是女尊一种。反正，狼大的书在我心中的女尊排行里无出其右。（不是很想科普，因为有很多看文的人才接受的设定，比方说男生子🙂，希望未来不会像耽美一样被人举报掉😐，但目前生态挺好的，还没有人注意过，也没听说有不喜欢的人非要举报。就是好作者越来越少，原来的不错，也是因为受众小，读者少啦）但希望大家能知道女尊就是一个和耽美类似的小众类型标签而已，不是弹幕里说的反讽啊啥的，就是个单纯的文章类型。
恰恰Arthur钧：昨天看另外一位up解说没看完，结果回去看的时候发现因版权被删了[笑哭]
Fau_：女尊是一种文章类型啊[大哭]就和耽美一样[大哭][大哭][大哭]好多好多好多好多年了，我十年前看就有很好的大大了[大哭][大哭][大哭][大哭]就是很小众而已。
贝子塔塔：最后那里不太同意啊，
御板10097：什么玩意都能上热搜。
fsks1944：就开头几集好看，后面啥玩意。
微笑986：少君？是什么称呼？少城主的夫君么？
特拉先生：第一集，现实里的男主就抨击过编剧的剧本表面上说的是女权实际上和当代男权没有区别[无语]我正在追，感觉女主入剧本就是为了能亲身感受男女权如何平等
tubudar：前面是好看的，但我昨天看了9，10集后，就有点想打女主了。楚楚那么好个女孩，就这么被搞黑化了。。我真的无语，女主换了原女主就一定要变坏吗？楚楚太可怜了。
淡淡忧伤丿淡淡愁：新物种:绿茶diao我是没想到的。。
三斤阿满：呜呜呜这部剧真的好看！！！！！！！！！
只在秋天爱上我：雅尔泰啊
我再熬夜我是猪头：up只看了片段吧，根本没看全部
悦心ming：后期男主人设不错[喜极而泣]
贝特特特：典型的穿越恶女配角，晋江常有的题材，反套路图个乐，不用戴高帽子也不必上纲上线。提乙女的显然是女频文知道得少，也不用骂他们，自己看自己的呗。
blooooow：好好看！！真的好看！！！
好可爱的小言泽：真的挺好看的
专业非酋三十年：标准异世界逆后宫凤傲天呗[无语]
灯火之港的威尔：这不就是晋江的恶毒女配人设类型吗？难怪眼熟
六梨道人："就这就这就这？
这是b站？"
砚凉_：就是这样的。根本不用脑子，逻辑也不通，剧情。。没啥剧情，人物塑造的也不形象。但两个人很甜，男主更甜，挺上头的，还是推荐看。
Vactor91390：笑点挺足的嗯，就是时常感觉自己收到了降智打击[笑哭]
贝壳爱吃大番茄：反正我看了挺上头的
大骏马哥：不错，这部剧情确实挺有意思。晋江文学网纵横文学网都有这些套路。
豪北道：我喜欢那个弹幕，橙子保命成功，哈哈哈哈
自在如风的我呀：这部剧不尬吗？？
破咯破咯哒：[doge][doge]怎么感觉像在看转生成为了只有乙女游戏破灭Flag的邪恶大小姐（名字是真的长）
我有猫咪：这不就是和现在正火的动漫转生乙女差不多吗
沃夏缭：片片这期视频也有安利到我吧，看起来还是蛮沙雕蛮好笑的[OK]
请叫我乘一：最近四集bug太多，编剧人设崩了，剧本穿成了无脑玛丽苏。希望后面能够恢复前十集的水准啊。[大哭]
月洛布偶：有人有资源吗？[doge]
你们家gg东山再起呀：这不就是个甜宠沙雕网剧吗[微笑]非的跟正剧似的找bug么，可以但是没必要
孤儿怨：从不看国产剧的我 居然也一口气刷了11集 因为演员真的特别可爱 一点都不油腻不夸张 虽然剧情有很多漏洞 但沙雕剧嘛 开心就完了 最喜欢看男主吃瘪的样子 自我攻略真的超好玩hhhh
宫兮徒：哇up主讲的很好诶，后面说的也是言情常见问题了
口口贝夫见：老是不经意认成开封府端午
是喵酱大人呀：6/1超前点播直接看到大结局😏不用谢我
qian987887486：为什么没仔细看就来解说？
你磕的cp是真的：都说这剧可以不带脑子看，下饭剧，但是逻辑也都是符合的，还有人设根据后面发展转变也合情合理，原来一开始男主下毒扰乱那段也是有原因的[doge]
似水念冰：这种女频电视剧比较适合圈地自萌，毕竟是早就玩烂了的套路，跟男频龙傲天啥的区别还真不大。
DreamerDK："这破剧演技台词和剧情都看的我贼尴尬😳
但是贼他妈好笑啊[喜极而泣]
编剧鬼才，沙雕剧情，浮夸演技，虎狼台词，都能良好结合在一块让人并无不适。"
龙的掌中萌虎：这怎么突然想到一部四月番啊[喜极而泣][喜极而泣]
ano_米娜兔と流星：这里都有男拳和女拳，怕了怕了
公子世无霜：up主到底有没有看剧？那些男的是男主做戏求城主送到三公主府上的，况且转头就把那些男的送到了二公主府上，还有一个给了男二。那个男二能教书是因为他母亲，虽然这剧有缺点，但不是你说的那些。
bili_16053871015：BGM也好听
我是那个靠近：怎么没有香蕉橙子跟苹果呀
炎羽轩轩：这不跟现在某番一样？转生那啥………
李珥Rainbow：刚刚不还上热搜了吗女主人设崩塌，就一普通网剧而已，为什么这么多过分解读的？阅读题写多了？捧得这么高最后还不是只能高开低走，无语。
略懂一些魔法：绝了 完全没仔细看过吧这是。虽然是无脑下饭喜剧但也好歹认真看完再来讲缺点啊
铭昨掌今收明：看的蛋疼，一直帮将来会杀自己了母亲跟全城的人。[捂脸]
cooljie716：12345
Sunday-小新：这剧让让我想起了韩剧，《偶然发现的一天》[doge]
夏小正非常正：陈沅沅（yuan）
腌笃鲜凤梨虾仁：我是觉得好看的，反正也不是拿它当推理番来看，评论区贷款高开低走的大哥大姐就不必了哈[呲牙]离大结局还有一半集数呢就搁这唱衰啊[哦呼]
sheree23：好看好看！
离离不知道：哈哈哈哈哈哈哈昨天看完视频今天补了剧情，真的非常下饭，不带脑子看还是非常快乐的……感谢安利[吃瓜]
糖言言：看完了感觉女二不是叶昭人设吧， 后期直接变成绿茶一边逼着女主把男主“还”给她，一边跟男主说喜欢他不想让他为难，男主又不是物品也不喜欢她怎么就还给她了
拜托去学习：我擦竟然有拍女尊剧，我是知道有这种文，但从来没想过会有人拍[喜极而泣]
bbounoun11：你币有了，吹爆这个剧，太爱了
guaihuamao之化猫：这部剧真的很上头[笑哭]
空瓶子123456：这部剧对女性的恶意很大，里面女配角都讨厌女主要害她，男主男配都爱女主。更无语还拿女尊，女权做营销，女权不是靠男人宠爱施舍得到的。
媛：真有点像新番，那个恶役大小姐转生那个
Gen-：什么样的nc编剧才能意淫出这种故事来
整活老川异闻录：在？B站什么时候引进啊！？我想就着弹幕看[保佑][滑稽]
Dr_蓝毒："《理解》
《白笈》
[doge][doge][doge]"
港台sama：如果这部剧男女地位转换，那些微博的田园女权是不是又要重⭕️出击了？
白残sang：我感觉这部剧剧情挺尬的。。。。不是赵露思高考我都看不下去。。。。。。
苏家凉子：为啥能提到大小姐，这俩除了到了异世界求生有啥子丁点儿的地方一样吗[囧]
小小happy：我决定就等着你的解说，不看剧了[妙啊]
命里有白嫖贫民难反抗：还有个和这差不多的漫画叫本剑仙绝不吃软饭[doge][doge][doge]
茶十八茶：感觉女主真的光环好强大，女主妈作为一国之主，不想黎民百姓，就想传位给这个文涛武略啥都不行的女儿，二女儿干啥都不能得她正眼看，这个解释成母爱也就算了。但是男主爱她，说她单纯善良，也确实，但我觉得为什么每次都是别人给她善后呢。做什么事情都不用担负后果，反正她妈和她姐还有她老公会给她善后。。。。每次她一转眼就是嘻嘻哈哈在那傻乐。还特别喜欢想些馊主意坑队友，比如一开头设计男主通敌卖国，后面给女二落入陷阱，作为少城主了，还是没点自觉，在那瞎指挥。。。。
小小空空：这个up主感觉是蹭热度，实际根本没看剧吧
伊万不拆cp不舒服斯基：果然在b站一提女权就那个诶。说实话本人又蛆又拳但真的很不喜欢女权警告这个梗。
辰靓pipi：弹幕有毒吧 up提的那些缺点不是后来都解释了是剧里母胎单身的编剧对剧本的理解有误所以有些bug 还说up没仔细看剧？你前面说up就算了后面都解释了还说up乱说？
海明威的追随者：我喜欢那个娘娘的 眼睛好漂亮啊
坶姨：我喜欢原来的三公主，也是被开头名场面吸引去看的，后来虽然搞笑但是总觉得怪怪的……
超帅的划水大大：转生只有乙女游戏破灭flag[妙啊]一模一样
不是别人是你爷爷：有的人只要看剧就非要骂女主婊才爽是吧，是不是特能衬得自己清新脱俗一朵又白又纯的小莲花？非得女主对着男主跪舔才叫不恶心是吧？也是，像你这种丑 逼也就只有对着男人跪舔的命了，人家陈芊芊颜好钱多权势大，你给人提鞋都嫌你丑，没错，骂的就是楼下那个丑 逼
小-欢欢：等啥时候更新完了 就看 [妙啊]
从不损人：不得不说，这剧质量还是挺高的
WO是丿张小盒：这就是女尊嘛，真的看不出来。没看到女尊只看到男卑，如果编剧心中的女尊需要这样来承托的话，我觉得可能编剧内心依然还是女卑男尊。
有钱也不任性：求翻韩剧夫妻的世界！！！
看有个栗子：姐妹们还没有没有别的沙雕小甜剧，求推荐[鼓掌][鼓掌]
我想养豆豆：韩烁人设=李狗子，但由于掌握了技巧—“放最狠的话，脑补最甜的恋爱”，生生把事业脑变成了恋爱脑，在自作多情的路上一路狂奔啊，拉都拉不住
王日日每天都快乐："“咱家的什么炸了？”
“咱家的矿怎么了？？”
“你再说一遍，咱家矿怎么了？？？”
“炸了炸了炸了！”
笑死了，官方鬼畜，值得一看！！！"
鲸落栖海：这部剧吹曝了，超级好看!!!赶紧去看啊，姐妹们!!!!!!!!!!!!!!!!!!!!!!
bili_99865509585：啊
bili_99865509585：恶不恶心？
bili_99865509585：自己和别的男人做暧昧举动，还让韩烁大度
bili_99865509585：既然决定要一路撮合二郡主和韩烁，又何必让韩烁爱上她，还说那些伤人的话
梦无界1198：图一乐
bili_99865509585：刚看完传说中的陈芊芊更新，陈芊芊太婊了
Aukra：好像转生恶役[doge]
人生のピーク：恐怖如斯
水羽南叶：看过这季的某新番，你就会觉得这部剧好看中还似曾相识[笑哭]。
平台一换舔狗过万：这局目测又是一个高开低走的剧，不适合带脑子看，当沙雕剧图个乐就行了，女主虽说是做的都是为了穿越回去，但是脑子真是有点瘫，别说上帝视角评价啥的，你自己写的书人物性格他们心理活动想啥的你大概都会有点数吧，结果人物关系都处理不好，自己做的没点度，处处留情两边都拎不清，最后说一句二姐是真的惨
深秋使者：让我想到了乙女游戏[奸笑][奸笑]
Mr--Qi：男女主的两个手下真的笑死我
平台一换舔狗过万：目测又是一个高开低走的剧
龙井新年：真的好看！！但是我家小阿烁被虐我真的看不下去
上杉绘梨衣的男朋友：害怕。。。
探索者TORCH大宇：这演得真尬
柴吃柴：这剧真的超级搞笑，虽然是老晋江剧情了，但是剧拍的这么好的，真是头一份
Lev利夫：白切黑什么意思？
贡汞貢拲："这部剧建议只看前6集，6集之后，如果能抗毒就看吧，我已经被毒死了。这剧毒真不是一句沙雕剧可以解决的。
有个苏子婴还能接受，但女主玩绿茶一套真的容忍不了。"
